id,notes,original_zip,match_kind,state_code,county_code,tract_code,block_code,RRF Award Amount ,No of months of assistance,Rent owing,RRF Award Type ,Mthly Self Employment,Mthly Unemployment,Mthly Interest or Dividend,Mthly Pension or Retirement,Mthly TANF/Public Assistance,Mthly Alimony income,Mthly Armed Forces income,Mthly Other income
7,,2119,Exact,25,25,81400,3003,6000,,9444,,,,,,,,,
8,,2124,Exact,25,25,100300,3005,5700,3,1900,Arrears & Future payments,,2140,,,,,,
56,,2119,Exact,25,25,80100,1051,3750,6,4375,Arrears,,,,,,,,
63,,2128,Exact,25,25,51200,3000,4000,1,4000,Arrears & Future payments,,,,,,530,,
75,,2128,Exact,25,25,50101,3001,6000,,7900,Arrears,800,,,,,,,
102,,2128,Exact,25,25,50700,3005,6000,,7600,Arrears,,,,,,,,
133,,2128,Exact,25,25,50700,1003,2000,,1404,Future payments,,0,,,,,,
154,,2124,Exact,25,25,100500,5005,2350,,4000,Arrears,,1152,,,,,,
161,,2127,Exact,25,25,60800,3000,3600,3,4800,,,1400,,,,,,
269,,2128,Exact,25,25,50500,1003,4950,3,3300,,,1116,,,,,,
314,,2124,Exact,25,25,100601,3011,6000,3,0,Arrears & Future payments,,1864,,,,,,
410,,2121,Exact,25,25,91900,2002,,,12362,,,,,,,,,
426,,2131,Exact,25,25,110607,3000,4000,3,9116,,,200,,,,,,
440,,2128,Exact,25,25,50901,2003,6000,,4500,Arrears & Future payments,,,,,,384,,
534,,2124,Exact,25,25,92300,3008,6000,,10703,Arrears,,,,,,,,
806,,2126,Exact,25,25,101102,3002,4000,2,0,,,1068,,,,,,
814,,2111,Exact,25,25,70103,1001,4170,3,0,Future payments,,3320,,,,,,
815,,2121,Exact,25,25,90300,2006,3200,2,1600,Arrears & Future payments,,,,,,,,
889,,2119,Exact,25,25,81500,2004,2718,,3618,,0,0,0,0,0,0,0,0
1006,,2128,Exact,25,25,50101,1002,6000,3,7200,Arrears,0,0,0,0,,,,
1012,,2128,Exact,25,25,50300,3002,6000,,6518,Arrears,500,1290,,,,,,
1057,,2125,Exact,25,25,91300,1004,4000,2,4000,,,,,,,,,
1135,,2128,Exact,25,25,50200,4001,6000,3,6000,Arrears,,,,,,,,
1140,,2126,Exact,25,25,101101,3008,5250,3,3000,Arrears,,,,,,,,
1243,,2126,Exact,25,25,101001,5001,6000,,16450,Arrears,,,,,,,,
1288,,2124,Exact,25,25,100200,3006,4000,2,4100,,,,,802.58,,,,
1367,,2122,Exact,25,25,100700,1004,3000,3,0,Future payments,,,,,,,,
1384,,2136,Exact,25,25,140400,5006,1800,1,2000,Arrears,,300,,,,,,
1568,,2128,Exact,25,25,51200,2001,4000,3,1500,Arrears & Future payments,,,,,,,,
1596,,2119,Exact,25,25,80401,2003,4000,3,1724,Arrears & Future payments,,,,,,,,
1606,,2128,Exact,25,25,50200,2002,6000,5,3985,Arrears & Future payments,,,,,,,250,
1613,,2130,Exact,25,25,81101,2000,4929,3,2000,Arrears & Future payments,,,,,,,,
1659,,2128,Exact,25,25,50101,3005,3411,3,0,Arrears & Future payments,,1284,,,,,,
1705,,2128,Exact,25,25,51000,2010,6000,2,2750,Arrears & Future payments,,,,,,,,633
1787,,2136,Exact,25,25,140400,6001,4000,,2312,Arrears & Future payments,,,,,,,,
1789,,2118,Exact,25,25,70402,1010,3648,,2250,,,1212,,,,,,
1841,,2128,Exact,25,25,50200,4002,6000,1,7200,Arrears,2,0,0,0,0,0,0,
1867,,2128,Exact,25,25,50101,3005,5040,4,0,Arrears,,,,,,,,
1887,,2121,Exact,25,25,90100,2004,6000,2,4522,Arrears & Future payments,,,,,,,,
1894,,2128,Exact,25,25,50700,3005,5200,1,3900,Arrears & Future payments,,1724,,,,,,
1936,,2128,Exact,25,25,51101,1004,6000,3,0,Arrears,,,,,,,,
2044,,2128,Exact,25,25,50300,3002,4200,6,5600,Arrears,,,,,,,,
2151,,2128,Exact,25,25,50200,1006,5670,3,5670,Future payments,,,,,,,,
2177,,2135,Exact,25,25,401,4004,5310,2,1755,Arrears & Future payments,,,,,,,,
2244,,2128,Exact,25,25,50901,2006,6000,3,4100,Arrears & Future payments,,,,,,,,
2248,,2119,Exact,25,25,81700,3011,6000,,8100,Arrears,,,,,,,,
2279,,2215,Exact,25,25,10205,3000,2984,2,1492,Arrears & Future payments,,1960,,,,,,
2294,,2128,Exact,25,25,51000,3002,3200,4,1600,Arrears,,,,,,,,
2370,,2128,Exact,25,25,50600,2007,4800,3,4800,Arrears,,,,,,,,
2408,,2121,Exact,25,25,90200,1001,4000,2,3250,Arrears,,,,,,,,
2430,,2128,Exact,25,25,50700,3003,,,6000,,0,0,0,0,0,0,0,0
2509,,2128,Exact,25,25,50101,3002,2800,4,1400,,,,,,,,,
2653,,2134,Exact,25,25,604,2001,4020,2,0,Arrears,,1720,,,,,,
2654,,2126,Exact,25,25,101002,1003,5200,2,25000,Arrears,,267,,,,,,2194
2682,,2134,Exact,25,25,805,2004,4000,3,700,Arrears & Future payments,,,,,,,,
2727,,2136,Exact,25,25,140300,3007,4000,2,4200,Arrears,,1068,,,,,,1068
2832,,2128,Exact,25,25,50500,1003,4500,3,4500,,1600,,,,,,,
2884,,2132,Exact,25,25,130200,1000,2000,1,2000,Arrears,,,,,,3371,,
2938,,2136,Exact,25,25,140107,2000,4000,1,2500,Arrears,,,,,,,,
2952,,2128,Exact,25,25,50200,4001,3750,3,2500,Arrears,,,,,,,,
3029,,2128,Exact,25,25,51000,3002,3949,3,1560,Arrears,,1800,,,,,,
3186,,2124,Exact,25,25,100400,1003,6000,2,1300,Arrears & Future payments,,,,,,,,
3191,,2119,Exact,25,25,80401,2003,,,6289.7,,,,,,,,1500,
3196,,2128,Exact,25,25,51200,1004,4000,3,1295,Arrears,,1988,,,,,,
3242,,2126,Exact,25,25,101002,2014,6000,,4500,,,,,,,,,
3289,,2125,Exact,25,25,91300,1008,4000,2,2000,,,1420,,,,,,
3339,,2124,Exact,25,25,100300,1007,3800,,5700,Arrears,3100,,,,,,,
3340,,2129,Exact,25,25,40300,3001,4000,2,2000,,,195,,,,,,
3353,,2111,Exact,25,25,70103,1001,,,5820,,,,,,,,,
3356,,2114,Exact,25,25,20302,1000,4290,,4290,,,3292,,,,,,
3380,,2136,Exact,25,25,140300,1003,3025,,1988,,,1340,,,,,,
3394,,2125,Exact,25,25,91500,1003,6000,,6000,Arrears,,1922,,,,,,
3459,,2128,Exact,25,25,51200,3000,5477,4,3000,Arrears & Future payments,,,,,,,,
3474,,2111,Exact,25,25,70202,1022,2704,2,1359,Arrears & Future payments,,,,,,,,
3612,,2132,Exact,25,25,130300,2000,4200,3,2800,Arrears,,,,,,,,
3672,,2128,Exact,25,25,50700,1003,,,15400,,,,,,,,,
3676,,2122,Exact,25,25,91700,1003,4000,3,1540,Arrears & Future payments,,,,,,,,
3678,,2128,Exact,25,25,50200,3000,2050,1,2000,Arrears,,,,,,,,
3717,,2128,Exact,25,25,50101,2005,3750,3,0,Arrears & Future payments,,,,,,,,
3812,,2128,Exact,25,25,50400,1003,4000,4,3000,Arrears,,,,,,,,
4097,,2134,Exact,25,25,703,2006,,,6769,,,,,,,,,
4175,,2125,Exact,25,25,91400,1001,4000,2,2687,Arrears & Future payments,,,,,,,,
4182,,2122,Exact,25,25,92101,3013,6000,6,6000,Arrears,0,850,0,0,0,0,0,0
4197,,2136,Exact,25,25,140400,6001,,,0,,,,,,,,,
4214,,2129,Exact,25,25,40801,3001,2132,,0,Arrears,,,,,,,,
4285,,2119,Exact,25,25,81302,1001,3645,3,3000,Arrears,,1168,,,,,,
4337,,2128,Exact,25,25,50300,2004,6000,3,7989,,,0,,,,,,
4339,,2125,Exact,25,25,90400,4003,6000,5,7200,Arrears,,1365,,,,,,
4466,,2128,Exact,25,25,50500,1005,2000,,2200,Arrears,,,,,,,,
4472,,2128,Exact,25,25,50200,4002,6000,,6000,Arrears,,,,,,,,
4482,,2113,Exact,25,25,30400,1004,3300,3,1100,Arrears,,823,,,,,,
4497,,2119,Exact,25,25,81301,2001,5667.25,4,4303.75,Arrears,,,,,,,,
4560,,2128,Exact,25,25,51000,1018,2000,,5600,Arrears,0,0,0,0,0,0,0,0
4658,,2126,Exact,25,25,101002,3008,4000,,4000,Arrears,,1000,,,,,,
4659,,2124,Exact,25,25,92000,4005,2900,2,1450,Arrears,,,,,,,,
4852,,2127,Exact,25,25,60101,2001,4500,4,3000,Arrears,,,,,,,,
4907,,2125,Exact,25,25,91500,1002,4000,3,4800,,,1136,,,,,,
4941,,2128,Exact,25,25,50700,3004,6000,,6000,Arrears,,,,,,,,
4949,,2128,Exact,25,25,50101,3000,4000,2,4000,,,,,,,,,
4965,,2128,Exact,25,25,50200,1006,5100,3,3400,Arrears,,,,,,,,
5124,,2125,Exact,25,25,90901,2008,6000,4,8700,,,912,,,,,,300
5136,,2128,Exact,25,25,50600,2001,6000,3,7025,Arrears,2074,,,,,,,
5192,,2128,Exact,25,25,50901,2005,2400,3,0,,,,,,,,,
5269,,2122,Exact,25,25,100700,4005,6000,,6000,Arrears,,,,,,,,
5275,,2121,Exact,25,25,82100,1006,1490,,700,,,,,,,,,900
5287,,2118,Exact,25,25,70901,1004,4200,6,2100,Arrears,,,,,,,,
5369,,2125,Exact,25,25,90400,4000,2848,3,0,Arrears,,,,,,,,
5389,,2128,Exact,25,25,51101,1000,4000,,7500,Arrears,,,,,900,,,
5390,,2128,Exact,25,25,50200,1005,4000,2,3400,Arrears & Future payments,,,,,,,,
5449,,2136,Exact,25,25,140400,1000,4000,3,7797,Arrears,,,,,,,,
5459,,2125,Exact,25,25,91800,1002,6000,,6500,,,,,,,,,
5500,,2128,Exact,25,25,50200,2004,5700,2,3800,Arrears,,292,,,,,,
5532,,2124,Exact,25,25,100800,1003,6000,6,4000,Arrears,,2000,,,,,,
5601,,2119,Exact,25,25,81400,2003,4000,4,11000,,,632,,,,,,
5635,,2128,Exact,25,25,50101,3002,,,1700,,,,,,,,,
5670,,2128,Exact,25,25,51101,4004,6000,3,4000,Arrears,,1368,,,,,,
5727,,2128,Exact,25,25,50901,1007,6000,3,9600,Arrears,,,,,,,,
5768,,2134,Exact,25,25,806,2000,6000,,4554,,,0,,,,,,
5853,,2124,Exact,25,25,92300,3006,6000,,5000,,,1200,,,,,,
5881,,2125,Exact,25,25,91400,1001,6000,,10179,,,,,,,,,
5928,,2124,Exact,25,25,100100,3004,6000,5,6925,Arrears,,,,,,,,
5946,,2128,Exact,25,25,51200,2003,6000,3,1500,Arrears,1500,,,,,,,
5968,,2121,Exact,25,25,81900,4004,4000,3,1800,Arrears & Future payments,,1027,,,,,,
6061,,2128,Exact,25,25,51000,1010,4000,2,2000,Arrears & Future payments,0,,,,,,,
6071,,2128,Exact,25,25,50400,2006,6000,,8300,Arrears,,,,,,,,
6072,,2125,Exact,25,25,90700,4010,3622,5,1500,Arrears & Future payments,,396,,,,,,
6074,,2125,Exact,25,25,90400,4004,6000,,1,,,2024,,,,,,
6079,,2126,Exact,25,25,101002,3000,6000,3,5235,,,,,,,,,
6314,,2136,Exact,25,25,140300,6005,3207,2,2000,,,896,,,,,,
6372,,2132,Exact,25,25,130404,1002,4000,1,2500,Arrears & Future payments,,,,,,,,
6632,,2126,Exact,25,25,101102,4004,6000,6,12300,Arrears,,,,,,,,
6710,,2128,Exact,25,25,50901,3006,2100,2,0,Arrears,,,,,,,,
6776,,2125,Exact,25,25,90700,1003,4000,,6400,Arrears,,,,,,,,
6786,,2128,Exact,25,25,51200,2001,2000,1,4950,Arrears,,1012,,,,,,
6884,,2134,Exact,25,25,704,3002,6000,3,11295,,,1035,,,,,,
6924,,2131,Exact,25,25,110401,1000,2000,,1650,,,1440,,,,,,
6955,,2119,Exact,25,25,80401,2007,3200,3,0,Future payments,,1340,,,,,,
6971,,2136,Exact,25,25,140105,2002,6000,,11700,,,1148,,,,,,
7017,,2215,Exact,25,25,10104,3007,3825,1,1530,Arrears & Future payments,,860,,,,,,
7041,,2119,Exact,25,25,80300,2000,2120,2,1220,Arrears,,1856,,,,,,
7054,,2128,Exact,25,25,51200,3000,2580,2,2580,Arrears,,,,,,,,
7103,,2118,Exact,25,25,70402,1008,4000,1,3221,Arrears & Future payments,,1156,,,,,,
7114,,2134,Exact,25,25,804,1005,3150,3,1050,Arrears & Future payments,0,1000,,,,,,
7192,,2121,Exact,25,25,90100,5000,4000,3,6000,,,1268,,,,,,
7243,,2124,Exact,25,25,100200,3001,6000,5,1850,,,286,,,,,,808
7355,,2126,Exact,25,25,101002,1004,6000,5,6000,Arrears,,,,,,,,
7365,,2119,Exact,25,25,81400,3003,4000,1,2662.1,,,47,,,,,,
7405,,2122,Exact,25,25,92101,2004,5400,4,4800,Arrears,,,,,,,,
7430,,2136,Exact,25,25,140300,5007,4000,,12000,,,,,,,,,
7433,,2124,Exact,25,25,100100,3003,6000,1,4800,Arrears & Future payments,,1148,,,,,,
7470,,2128,Exact,25,25,50600,2001,6000,2,5000,Arrears,0,,,,,,,
7538,,2115,Exact,25,25,10802,2002,4000,3,1400,,,,,,,,,
7659,,2126,Exact,25,25,101102,2002,6000,,7500,Arrears,,,,,,,,249
7669,,2128,Exact,25,25,50200,4001,6000,3,6300,Arrears,,,,,,,,
7732,,2111,Exact,25,25,70202,1022,3759,3,0,Arrears & Future payments,,900,,,,,,
7761,,2111,Exact,25,25,70103,1001,4000,,2780,,,858,,,,,,
7787,,2124,Exact,25,25,100500,3000,3755,2,1900,Arrears & Future payments,,,,,,,,
7819,,2126,Exact,25,25,101101,3002,6000,,4953,Arrears,1200,1068,,,,,,
7839,,2128,Exact,25,25,51000,1000,6000,4,5100,Arrears & Future payments,,,,,,,,
7850,,2124,Exact,25,25,100300,1007,5500,4,4100,Arrears,,1268,,,,,,
7916,,2111,Exact,25,25,70202,1019,6000,3,4860,Arrears & Future payments,,,,,,,,
7978,,2111,Exact,25,25,70202,2002,3172,2,0,Arrears,,,,,,,,
8039,,2128,Exact,25,25,51000,1003,6000,3,2200,,,,,,,,,
8064,,2127,Exact,25,25,60501,5004,4000,2,0,Future payments,,3292,,,,,,
8067,,2132,Exact,25,25,130404,1002,6000,4,8375,Arrears,,199,,,,,,
8075,,2129,Exact,25,25,40401,1003,3440,4,1000,Arrears,,,,,,,,
8080,,2135,Exact,25,25,503,2001,1550,1,1500,Future payments,,,,,,,,
8086,,2132,Exact,25,25,130406,1003,6000,,5573,,,,,,,,,780
8088,,2121,Exact,25,25,82100,1001,6000,4,2538,Arrears & Future payments,,,,,,,,0
8096,,2119,Exact,25,25,81500,2004,3494,3,3512,Arrears,,,,,,,,
8100,,2131,Exact,25,25,110501,2002,3700,1,1850,Arrears & Future payments,,,,,,,,1068
8104,,2115,Exact,25,25,81001,4000,4000,3,1281,Arrears & Future payments,,,,,,,,
8106,,2122,Exact,25,25,92101,5001,4200,,0,,100,,,,,,,
8112,,2136,Exact,25,25,140300,1003,4000,3,2748,,,,,,,,,
8137,,2136,Exact,25,25,140300,2008,3000,,3000,,,,,,,,,
8156,,2128,Exact,25,25,50901,3006,4000,3,0,Arrears & Future payments,,1586,,,,,,
8162,,2111,Exact,25,25,70103,1001,4170,3,0,Arrears & Future payments,,,,,,,,
8168,,2131,Exact,25,25,110301,2015,6000,4,3300,Arrears & Future payments,,,,,,,,
8170,,2118,Exact,25,25,70402,1010,,,,,,,,,,,,
8174,,2122,Exact,25,25,91600,2005,4200,3,1400,Arrears & Future payments,,1204,,,,,,1056
8180,,2111,Exact,25,25,70202,2002,6000,,8020,Arrears,,899,,,,,,
8182,,2121,Exact,25,25,90300,2005,6000,3,4800,Arrears,,,,,,320,,
8187,,2124,Exact,25,25,100500,3006,6000,,8800,,,784,,,,,,
8198,,2128,Exact,25,25,50700,1003,5600,2,5600,Arrears,1200,,,,,,,
8223,,2111,Exact,25,25,70103,1001,2415,3,1895,,,884,,,,,,
8225,,2215,Exact,25,25,10104,3002,6000,1,4250,Arrears & Future payments,,,,,,,,800
8231,,2127,Exact,25,25,60601,1000,5272,4,3954,Arrears & Future payments,,,,,,,,
8238,,2128,Exact,25,25,50200,3000,6000,6,4710,Arrears,300,,,,,,,
8244,,2118,Exact,25,25,70402,1010,4000,3,1125,,,2124,,,,,,
8248,,2128,Exact,25,25,50600,2007,6000,1,4000,Arrears & Future payments,2400,,,,,,,
8261,,2126,Exact,25,25,101002,2019,2040,2,5000,Arrears,,,,,,,,
8283,,2125,Exact,25,25,91001,1004,6000,1,6500,Arrears,,,,,,,,
8300,,2126,Exact,25,25,101101,1001,6000,,10800,Arrears,,1464,,,,,,
8321,,2125,Exact,25,25,91100,5003,4000,,3900,Arrears,0,3900,,,,,,
8327,,2128,Exact,25,25,50700,3005,6000,,7500,Arrears,,2068,,,,,,
8337,,2125,Exact,25,25,91400,1001,6000,4,4000,Arrears,,,,,,,,
8339,,2125,Exact,25,25,90700,1008,4000,2,2800,Arrears & Future payments,,,,,,,,
8356,,2132,Exact,25,25,130406,2001,4000,,2400,Arrears & Future payments,,,,,,,,
8359,,2134,Exact,25,25,704,4001,3789,1,1263,,,,,,,,,
8368,,2111,Exact,25,25,70202,1005,4000,2,16239.69,,500,1068,,,,,,
8370,,2128,Exact,25,25,50300,1015,3600,3,2400,,,268,,,,,,
8377,,2121,Exact,25,25,82100,3002,6000,1,5000,Arrears & Future payments,,1408,,,,,,
8383,,2128,Exact,25,25,50700,1001,4000,,4900,Arrears,,,,,,,,
8393,,2121,Exact,25,25,82100,1001,6000,,7691,Arrears,,1492,,,,,,
8414,,2128,Exact,25,25,50700,2001,4000,3,4200,,1050,,,,,,,
8426,,2111,Exact,25,25,70103,1001,6000,2,5079,Arrears & Future payments,,,,,,410,,501
8440,,2130,Exact,25,25,81200,2000,6000,3,1558,Arrears & Future payments,,,,,,,,
8448,,2125,Exact,25,25,91200,3001,6000,,8600,Arrears,,2481,,,,,,
8454,,2136,Exact,25,25,140202,1004,5200,4,600,Arrears & Future payments,,400,,,,,,
8458,,2125,Exact,25,25,91100,4002,,,1800,,0,,,,800,,,
8467,,2128,Exact,25,25,50101,3005,4800,3,1800,Arrears,,,,,,,,
8471,,2128,Exact,25,25,50700,1002,5273,6,3473,Arrears,,,,,,,,0
8486,,2130,Exact,25,25,81200,2000,5498,4,2800,Arrears & Future payments,,,,,,,,
8492,,2114,Exact,25,25,20304,1008,3375,3,0,Arrears & Future payments,,1616,,,,,,
8500,,2124,Exact,25,25,92400,4000,4000,,1519,Arrears & Future payments,,2163,,,,,,
8502,,2130,Exact,25,25,120400,5010,850,1,2000,Future payments,,1000,,,,,,
8503,,2125,Exact,25,25,91100,3004,6000,3,1800,Future payments,,1080,,,,,,
8506,,2111,Exact,25,25,70202,1000,3483,3,0,Arrears,,1420,,,,,,
8507,,2111,Exact,25,25,70202,1000,969,1,0,Future payments,,1648,,473,,,,
8508,,2121,Exact,25,25,81900,4010,4800,4,3600,Arrears & Future payments,,,,,,,,
8510,,2122,Exact,25,25,91700,1003,5250,3,1750,Arrears,,,,,,,,
8511,,2122,Exact,25,25,91700,1003,4000,2,3932,Arrears,,800,,,,,,
8515,,2122,Exact,25,25,91500,2009,4000,2,3800,,,,200,,,,,
8517,,2113,Exact,25,25,30200,1003,6000,3,6322.9,Arrears,,,,,,,,
8521,,2215,Exact,25,25,10205,2001,2900,1,0,Arrears,,,,,,,,
8522,,2121,Exact,25,25,90200,3000,4200,,0,Arrears,,1040,,,,,,
8526,,2122,Exact,25,25,100603,2005,3800,2,3800,Arrears,,1200,,,,,,
8527,,2125,Exact,25,25,91800,2004,4000,1,3000,Arrears & Future payments,,1048,,,,,,
8528,,2135,Exact,25,25,604,2003,4000,2,0,Arrears & Future payments,,,,,,,,
8529,,2136,Exact,25,25,140300,5007,6000,3,4120,,0,,,,,,,
8530,,2136,Exact,25,25,140300,5007,1966,1,1966,Arrears,,,,,,,,
8536,,2122,Exact,25,25,92101,1007,2525,,1225,,,,,,,,,
8537,,2128,Exact,25,25,51101,1004,6000,,4000,Arrears & Future payments,1200,,,,,,,
8538,,2128,Exact,25,25,51101,1004,4000,3,4000,Arrears,,,,,,,,
8542,,2128,Exact,25,25,50700,3005,5200,4,5200,Arrears,1516,,,,,,,
8544,,2136,Exact,25,25,140107,1019,,,4300,,,,,,,,,
8545,,2131,Exact,25,25,110301,1002,6000,4,4800,Arrears,,0,,,,,,
8550,,2127,Exact,25,25,61201,1014,3960,4,3600,,,700,,,,,,
8552,,2122,Exact,25,25,92101,5002,,,6000,,,,,,,,,
8553,,2124,Exact,25,25,100500,2006,3150,,3150,Arrears,,,,,,,,
8554,,2136,Exact,25,25,140300,1003,6000,4,5685,Arrears,,,,,,,,
8555,,2136,Exact,25,25,140300,1003,4000,2,2266,,,,,,,,,
8556,,2111,Exact,25,25,70202,1002,3900,3,0,Future payments,,552,,,,,,
8558,,2125,Exact,25,25,90400,2000,3800,1,1900,Arrears & Future payments,,,,,,,,0
8561,,2136,Exact,25,25,140300,1006,4000,4,105,,,190,,,,,,
8562,,2128,Exact,25,25,51101,1004,6000,,4000,Arrears & Future payments,,,,,,,,
8568,,2134,Exact,25,25,703,1009,6000,4,6674.43,Arrears,0,,,,,,,
8569,,2128,Exact,25,25,51101,1004,6000,3,15435,Arrears,,3592,,,,,,
8570,,2134,Exact,25,25,703,1009,4000,3,0,Future payments,,,,,,,,
8571,,2121,Exact,25,25,90200,3001,6000,,7850,Arrears,,,,,,,,
8573,,2136,Exact,25,25,140105,1016,6000,,5700,,,2268,,,,,,
8574,,2128,Exact,25,25,50200,1005,4000,3,1700,Arrears & Future payments,,1500,,,,,,
8576,,2124,Exact,25,25,100800,1000,6000,2,8700,,,,,,,,,
8581,,2128,Exact,25,25,51101,3012,6000,2,10000,Arrears,,,,,,,,
8583,,2215,Exact,25,25,10206,2005,,,1701.62,,,,,1200,,,,
8584,,2128,Exact,25,25,51101,3012,4000,,5100,,,1268,,,,,,
8585,,2124,Exact,25,25,92400,5000,4000,,5550,,,7080,,,,,,
8586,,2121,Exact,25,25,82000,1001,4400,2,4400,,,1068,,,,,,
8587,,2121,Exact,25,25,82000,1001,6000,,6600,,,,,,,,,0
8588,,2122,Exact,25,25,100603,1010,3105,3,2070,Arrears,,896,,,,,,
8592,,2128,Exact,25,25,50700,2004,6000,,11000,Arrears,,,,,,,,
8593,,2124,Exact,25,25,100500,1001,5350,3,3225,Arrears,,,,,,,,
8597,,2124,Exact,25,25,100300,3000,6000,4,6000,Arrears,,,,,,1000,,400
8598,,2128,Exact,25,25,50300,3002,,,580,,,,,,,,,
8601,,2135,Exact,25,25,302,1003,3700,4,925,Arrears & Future payments,,2568,,,,,,
8602,,2134,Exact,25,25,704,3000,3475,,2850,,,244,,,,,,
8606,,2128,Exact,25,25,50600,1001,5600,3,4400,Arrears & Future payments,,,,,,,,580
8610,,2122,Exact,25,25,100601,1001,4800,3,2900,Arrears & Future payments,,,,,,,,
8615,,2128,Exact,25,25,51000,1007,6000,,5250,Arrears & Future payments,,,,,,,,
8616,,2215,Exact,25,25,10206,1003,4000,3,0,Arrears & Future payments,,,,,,,,
8619,,2128,Exact,25,25,50300,1009,3400,2,300,Future payments,,,,,,,,
8621,,2108,Exact,25,25,30302,1046,6000,3,19400,,,1068,,610,,,,
8622,,2108,Exact,25,25,30302,1046,6000,4,12980,,980,2136,,627,,,,
8623,,2116,Exact,25,25,70700,1008,4000,1,3756,Arrears & Future payments,,1144,,,,,,
8630,,2124,Exact,25,25,92300,3007,6000,,9000,,,,,,,,,
8632,,2135,Exact,25,25,502,1002,2550,3,850,Arrears & Future payments,,530,,,,,,
8633,,2128,Exact,25,25,51200,2001,4500,3,3000,Arrears,,,,,,,,
8637,,2121,Exact,25,25,91900,2000,3300,1,1800,Arrears & Future payments,,920,,,,,,
8640,,2121,Exact,25,25,81900,3000,4000,3,1112,Arrears & Future payments,,,,,428,,,
8644,,2125,Exact,25,25,91500,2007,4000,3,0,,,,,,,500,,
8647,,2119,Exact,25,25,81400,3000,3675,1,2525,Arrears & Future payments,,800,,,,,,
8649,,2128,Exact,25,25,50101,3003,4000,3,1550,,,2679,,,,,,
8651,,2126,Exact,25,25,101102,1006,6000,,4000,Arrears,,,,,,,,
8652,,2125,Exact,25,25,91500,2004,6000,,10000,Arrears,,,,,,,,
8657,,2135,Exact,25,25,604,1005,6000,5,6000,Arrears,,,,,,,,
8661,,2119,Exact,25,25,81800,1000,4000,,2700,,,,,,,,,
8662,,2126,Exact,25,25,101102,3004,3300,3,1100,Arrears & Future payments,,1350,,,,,,
8663,,2126,Exact,25,25,101102,3004,,,3600,,,1148,,,,,,
8664,,2130,Exact,25,25,120301,4001,6000,,4000,,,,,,,,,
8665,,2114,Exact,25,25,20101,2000,,,6749.61,,,,,,,,,600
8666,,2128,Exact,25,25,50200,4001,4000,1,1750,Arrears & Future payments,,2214,,,,,,
8667,,2124,Exact,25,25,100100,7000,6000,,6000,,,,,,,1012,,
8670,,2115,Exact,25,25,10404,2002,2937,2,2503,,,,,,,,,
8674,,2115,Exact,25,25,10404,2002,4000,3,1046,Arrears & Future payments,,2000,,,,,,
8675,,2115,Exact,25,25,10404,2002,1448,2,1448,Arrears,,,,,,,,
8677,,2128,Exact,25,25,50200,2000,5100,3,0,Arrears & Future payments,,,,,,,,
8678,,2128,Exact,25,25,50200,3001,5400,3,5400,,,,,,,,,
8679,,2131,Exact,25,25,110403,1001,,,3325,,,,,,,,,803
8680,,2131,Exact,25,25,140105,1002,6000,1,1550,Arrears & Future payments,,,,,,,,
8681,,2132,Exact,25,25,130404,1002,4000,3,1800,Future payments,,1793,,,,,,
8682,,2135,Exact,25,25,505,2003,6000,3,6115.41,,600,,,,,,,
8685,,2121,Exact,25,25,90100,3004,3600,3,3230,Arrears,,,,,,,,
8686,,2135,Exact,25,25,505,2000,6000,6,4000,Arrears & Future payments,,,,,,,,85
8688,,2134,Exact,25,25,804,1016,4200,2,0,Future payments,0,,,,,,,
8689,,2124,Exact,25,25,100500,1002,6000,4,3660,Arrears & Future payments,,,,,490,,,
8690,,2135,Exact,25,25,102,2028,6000,,6600,,,,,,,,,
8691,,2128,Exact,25,25,50600,2000,6000,3,6000,Arrears,,,,,,,,
8693,,2119,Exact,25,25,81400,2012,4000,5,1900,Arrears & Future payments,,,,,,,,
8694,,2128,Exact,25,25,50700,2004,3600,3,3600,Arrears & Future payments,,1008,,,,,,
8698,,2128,Exact,25,25,51101,3012,6000,,10000,Arrears,,1388,,,,,,
8703,,2124,Exact,25,25,100100,5004,6000,3,6000,Arrears,,556,,,,,,
8704,,2109,Exact,25,25,30500,3000,,,0,,,,,,,,,
8706,,2135,Exact,25,25,301,3002,3000,3,750,Arrears & Future payments,,512,,,,,,
8709,,2130,Exact,25,25,110105,1004,6000,3,5100,Arrears,,748,,,,,,
8710,,2127,Exact,25,25,60101,1001,6000,5,3600,Arrears,,900,,,,,,
8712,,2128,Exact,25,25,51101,4004,,,7420,,,1831,,,,,,
8713,,2121,Exact,25,25,90200,3001,6000,3,5200,,,1200,,,,,,
8715,,2128,Exact,25,25,50700,2001,4000,2,4000,Arrears & Future payments,,,,,,,,
8716,,2135,Exact,25,25,603,1005,4312,,3002,,,100,,,,,,
8718,,2135,Exact,25,25,506,1003,6000,,4956,,,,,1661,,,,
8719,,2135,Exact,25,25,506,1003,5625,3,3750,,,,,,,,,
8720,,2122,Exact,25,25,92200,2000,3292,3,850,Arrears & Future payments,,,,,1588,,,
8721,,2122,Exact,25,25,91700,1005,4600,4,0,,,,,,,,,
8723,,2128,Exact,25,25,50700,1003,6000,1,6800,Arrears,,,,,,,,
8724,,2126,Exact,25,25,101001,2005,6000,1,4950,Arrears & Future payments,,,,,,,,
8725,,2120,Exact,25,25,81400,4005,3879,4,2800,Arrears & Future payments,,1800,,,,,,
8728,,2124,Exact,25,25,100800,6012,6000,2,4125,Arrears & Future payments,,,,1486,,,,
8731,,2119,Exact,25,25,81700,3008,6000,,2900,Arrears,,1132,,,,,,
8732,,2124,Exact,25,25,100500,4000,6000,3,6590,Arrears,,,,,,,,
8734,,2122,Exact,25,25,91600,2002,6000,,18500,,,560,,,,,,
8736,,2131,Exact,25,25,140106,1001,6000,,9044,Arrears,,1806,,,,,,
8739,,2124,Exact,25,25,100400,1000,4200,3,0,Arrears & Future payments,,980,,,,,,
8744,,2115,Exact,25,25,10500,2003,4000,1,3590,Arrears & Future payments,,1148,,,596,,,
8746,,2130,Exact,25,25,120301,2003,4000,2,0,Future payments,,,,,300,,,
8747,,2135,Exact,25,25,102,2008,6000,,4000,,,,,,,,,
8750,,2122,Exact,25,25,100601,2004,2500,3,5800,Arrears,,889,,,,,,
8752,,2121,Exact,25,25,90400,2014,6000,4,12000,Arrears,,,,,,,,1900
8754,,2136,Exact,25,25,140201,2010,4500,,3600,Arrears,500,,,,,,,
8755,,2128,Exact,25,25,51000,1008,2740,2,995,,,1460,,,,,,
8758,,2125,Exact,25,25,90400,2008,6000,,6600,,,267,,,,,,
8759,,2128,Exact,25,25,50700,1001,6000,2,4800,Arrears & Future payments,,,,,,,,
8761,,2128,Exact,25,25,50200,4001,4000,2,3500,Arrears & Future payments,,,,,,,,
8762,,2128,Exact,25,25,51101,2003,6000,4,4500,,,,,,,,,680
8763,,2130,Exact,25,25,120201,2004,4259,,3036,,,,,,,,,
8765,,2135,Exact,25,25,503,2006,4000,2,1825,Arrears & Future payments,,0,,,,,,
8768,,2128,Exact,25,25,51000,1022,6000,3,4250,Arrears,,,,,,,,0
8771,,2135,Exact,25,25,301,3005,3468,3,867,Arrears & Future payments,,3951,,,,,,
8772,,2122,Exact,25,25,92101,5009,2200,1,0,Future payments,,,,,,,,
8773,,2126,Exact,25,25,101102,2007,6000,2,4000,Arrears & Future payments,,,,,,356,,
8775,,2124,Exact,25,25,100500,2007,3400,3,850,Arrears & Future payments,,1767,,,,,,
8776,,2121,Exact,25,25,90100,5002,3400,,3400,,,,,,,,,
8777,,2125,Exact,25,25,91100,5001,4200,6,4200,,,,,,,,,
8778,,2129,Exact,25,25,40401,1003,3362,3,3600,,,,,,,,,
8780,,2124,Exact,25,25,100300,3005,6000,4,11550,Arrears,,,,,,,,
8784,,2124,Exact,25,25,100800,6002,6000,,4128,,,2036,,,,,,
8787,,2128,Exact,25,25,51200,2003,3262.5,3,3264,Arrears,,,,,,,,
8790,,2124,Exact,25,25,100800,6002,4000,1,3669,Arrears & Future payments,,761,,,,,,
8792,,2128,Exact,25,25,50901,2003,6000,1,4800,Arrears & Future payments,,,,,,,,
8793,,2124,Exact,25,25,100400,2000,4000,3,5504,,,1068,,,,,,
8794,,2124,Exact,25,25,100400,2000,6000,,9443,Arrears,,,,,,,,
8795,,2124,Exact,25,25,100400,2000,3282,3,0,,,1364,,,,,,
8797,,2128,Exact,25,25,50700,1001,4500,3,3000,Arrears,,,,,,,,
8803,,2108,Exact,25,25,20101,1005,,,9625,,3500,600,,,,,,
8805,,2122,Exact,25,25,91700,2005,6000,3,6600,Arrears,1000,1120,,,,,,
8806,,2122,Exact,25,25,92101,5001,1200,1,0,Future payments,,,,,,,,
8807,,2125,Exact,25,25,91800,1002,2600,3,650,,,0,,,,,,
8809,,2126,Exact,25,25,101102,4005,6000,,3600,Arrears,,1600,,,,,,
8812,,2113,Exact,25,25,30100,2004,2635,2,0,Arrears & Future payments,2200,,,,,,,
8813,,2131,Exact,25,25,110401,1002,6000,1,5200,Arrears & Future payments,,,,,,,,
8814,,2136,Exact,25,25,140400,1000,1520,1,490,Future payments,,,,,,,,
8815,,2124,Exact,25,25,92400,5003,4000,2,4045,,,,,,,,,0
8816,,2124,Exact,25,25,92400,5003,3600,,3400,,,1096,,,,,,
8817,,2124,Exact,25,25,92400,5003,3900,,4000,Arrears & Future payments,,,,,,,,
8820,,2215,Exact,25,25,10205,3000,4476,3,0,Future payments,,1792,,,,,,
8821,,2128,Exact,25,25,50700,2002,5392,4,3,Arrears & Future payments,,,,,,,,2000
8822,,2130,Exact,25,25,81101,2000,3375,3,170,Arrears & Future payments,,,,,,,,
8823,,2119,Exact,25,25,81800,1001,4576,4,2288,Arrears & Future payments,,1444,,,,,,
8824,,2119,Exact,25,25,81800,1001,6000,,7663.91,Arrears,,1479,,,,,,
8825,,2122,Exact,25,25,92000,1004,4000,1,2100,Arrears & Future payments,,1720,,,,,,
8827,,2116,Exact,25,25,10801,3003,2190,1,2190,Future payments,,,,,,,,
8829,,2128,Exact,25,25,50700,3003,4000,,1595,Arrears & Future payments,,,,,,,,
8837,,2128,Exact,25,25,50700,1002,6000,3,5850,Arrears,,,,,,,,
8839,,2130,Exact,25,25,120201,1003,2395,1,0,Arrears,,,,,,,,
8840,,2128,Exact,25,25,50200,3001,6000,2,4500,Arrears & Future payments,,,,,,500,,
8842,,2128,Exact,25,25,50901,3007,5900,3,4100,Arrears,,,,,,,,
8844,,2118,Exact,25,25,71201,2002,2200,2,0,Future payments,,1400,,,,,,
8845,,2128,Exact,25,25,51101,2003,6000,3,9800,Arrears,800,0,0,0,0,0,0,0
8848,,2119,Exact,25,25,81700,3008,400,3,2300,Future payments,1400,,,,,,,
8851,,2126,Exact,25,25,101001,4004,1801,1,0,Future payments,,,,,,,,
8852,,2124,Exact,25,25,100601,4000,6000,,5000,,,,,,,,,
8855,,2128,Exact,25,25,50901,3007,6000,5,10800,Arrears,,,,,,,,
8856,,2119,Exact,25,25,81500,2000,4500,3,3000,Arrears,,,,,,,,
8859,,2119,Exact,25,25,81800,3001,3720,3,1240,Arrears & Future payments,1600,,,,,,,
8861,,2127,Exact,25,25,60301,2002,2850,3,3000,Arrears,,800,,,,,,
8865,,2128,Exact,25,25,50200,3001,4400,4,2200,Arrears,,,,,,,,
8868,,2124,Exact,25,25,91900,4001,3900,,3600,Arrears,,,,,,,,
8869,,2109,Exact,25,25,30500,2006,6000,3,5250,Arrears & Future payments,,,,,,,,
8870,,2126,Exact,25,25,101002,2010,2550,5,2050,Arrears,,,,,580,,,
8872,,2128,Exact,25,25,50400,1005,3750,3,0,,,1392,,,,,,
8873,,2130,Exact,25,25,81102,2008,6000,,8400,Arrears,,,,,,,,
8874,,2128,Exact,25,25,51101,1004,4000,2,2000,,,1068,,,597,,,
8876,,2114,Exact,25,25,20200,1002,4000,,4900,,,1400,,,,,,
8878,,2127,Exact,25,25,60601,1008,3600,4,3800,Arrears,,700,,,,,,
8884,,2128,Exact,25,25,50700,3004,4000,,1400,Arrears & Future payments,,,,,,,,
8886,,2128,Exact,25,25,50901,2005,2100,1,0,Arrears,,,,,,,,
8887,,2119,Exact,25,25,81800,1003,1641,1,0,Future payments,2500,1000,,,,,,
8888,,2124,Exact,25,25,100500,4000,6000,,6058.77,,,2940,,,,,,
8889,,2124,Exact,25,25,100500,1005,6000,3,7646,Arrears,,,,,,,,
8890,,2135,Exact,25,25,701,3010,2400,3,2400,,,1000,,,,,,
8893,,2125,Exact,25,25,90700,4012,4000,,1578,Arrears & Future payments,,1273,,,,,,
8894,,2125,Exact,25,25,90700,4012,6000,5,8000,,,,,,,,,
8895,,2125,Exact,25,25,90700,4012,4000,4,3754.17,Future payments,,,,,,,,
8896,,2122,Exact,25,25,92000,1006,3400,2,0,Arrears,,510,,,,,,
8897,,2124,Exact,25,25,92200,3006,4000,,4800,Arrears,,1050,,,,,,
8898,,2135,Exact,25,25,302,1005,4000,5,4000,,,1556,,,,,,
8902,,2119,Exact,25,25,80401,2007,6000,5,6000,Arrears & Future payments,,,,1151,,,,
8905,,2128,Exact,25,25,50700,2002,3000,3,3000,Arrears,,,,,,,,
8907,,2119,Exact,25,25,81500,2002,6000,,7000,Arrears,,,,,,,,
8908,,2128,Exact,25,25,50700,3003,4200,2,3100,Arrears,,,,,,,,
8909,,2119,Exact,25,25,81400,3003,4913,3,4884.75,,,,,,,,,
8910,,2119,Exact,25,25,81400,3003,4000,2,4164,,,,,,,,,
8912,,2128,Exact,25,25,50700,2002,3000,2,4000,,,,,,,,,
8913,,2128,Exact,25,25,50700,3004,1200,1,1000,Arrears,400,,,,,,,
8914,,2134,Exact,25,25,604,1006,3500,4,2625,Arrears & Future payments,,0,,,,,,
8916,,2134,Exact,25,25,704,2001,4000,3,0,Future payments,,1135,,,,,,
8919,,2128,Exact,25,25,50500,1008,6000,3,5550,Arrears,1200,,,,,,,
8920,,2128,Exact,25,25,50200,2001,4000,,3243,Arrears & Future payments,,1363,,,,,,
8921,,2128,Exact,25,25,50200,2001,,,13000,,,,,,,,,
8922,,2121,Exact,25,25,90200,1005,6000,,5000,Arrears,,,,,,,,
8929,,2124,Exact,25,25,100500,5004,3600,2,0,Future payments,,655,,,,,,
8931,,2128,Exact,25,25,50901,3006,5600,4,0,Arrears & Future payments,800,,,,,,,
8933,,2128,Exact,25,25,50700,3004,6000,,15200,Arrears,,2060,,,,,,
8934,,2119,Exact,25,25,81400,1001,6000,,10578,,,,,,,,,
8935,,2128,Exact,25,25,50700,2005,,,3800,,,3169,,,,,,
8936,,2136,Exact,25,25,140201,1007,,,950,,,,,,,,,1073
8940,,2121,Exact,25,25,91900,3009,6000,,2750,Arrears,,1068,,,,,,
8941,,2124,Exact,25,25,92300,1006,,,6000,,,3384,,,,,,
8944,,2122,Exact,25,25,92101,2012,6000,,16049,Arrears,,,,,,,,
8946,,2128,Exact,25,25,50200,2002,6000,5,6750,Arrears,,,,,,,,
8950,,2124,Exact,25,25,100500,4006,6000,,7050,Arrears,,,,,,,,1400
8953,,2136,Exact,25,25,140400,4003,4200,2,0,Future payments,,235,,,,,,
8954,,2128,Exact,25,25,50400,2003,4200,6,4200,Arrears,,,,,,,,
8955,,2128,Exact,25,25,50400,2003,6000,5,4800,Arrears & Future payments,,,,,,,,
8957,,2135,Exact,25,25,102,1008,2956,,1800,,,,,,,,,
8958,,2125,Exact,25,25,91001,1004,,,5200,,,,,,,,,0
8960,,2128,Exact,25,25,51200,2009,4000,,1650,Arrears & Future payments,,1496,,,,,,
8961,,2121,Exact,25,25,82100,2002,2902,2,1638.92,Arrears,,,,,,,,
8962,,2125,Exact,25,25,91100,3004,2200,,2200,,,,,,,,,
8963,,2119,Exact,25,25,80100,2001,6000,4,6550,Arrears,,0,,,,,,
8968,,2128,Exact,25,25,50700,2005,6000,5,3300,Arrears,,,,,,,,
8969,,2128,Exact,25,25,50700,2005,2400,3,2400,,,,,,,,,300
8971,,2124,Exact,25,25,100100,1000,4936,4,2476,Arrears & Future payments,,362,,,,,,
8972,,2124,Exact,25,25,100800,1003,4000,3,1500,,800,1068,,,,,,
8973,,2119,Exact,25,25,80300,2000,6000,3,2500,Arrears,,,,,,,,
8976,,2134,Exact,25,25,804,1007,5100,3,750,Future payments,,,,,,,,
8977,,2118,Exact,25,25,71101,1006,3000,3,3000,,,1000,,,,,,
8978,,2131,Exact,25,25,110401,1000,875,1,875,Future payments,,,,,,,,
8979,,2122,Exact,25,25,92000,1006,3400,2,0,Future payments,,1278,,,,,,
8983,,2128,Exact,25,25,50700,2001,4000,3,0,,,1591,,,,,,
8984,,2121,Exact,25,25,82000,1003,6000,,3335,Arrears,,,,,,,,
8986,,2128,Exact,25,25,50200,4000,4000,2,0,,,896,,,,,,
8991,,2129,Exact,25,25,40600,1019,2101,1,0,,,2128,,,,,,
8997,,2127,Exact,25,25,60601,1000,4000,2,0,,,2800,,,,,,
8998,,2127,Exact,25,25,60601,1000,3996,3,2536.59,,,,,,,,,
9000,,2128,Exact,25,25,50901,2001,4200,,4900,Arrears,,,,,,,,
9001,,2115,Exact,25,25,10701,3004,6000,3,4095,Arrears & Future payments,,,,,,,,
9002,,2118,Exact,25,25,70501,2004,3200,,0,Arrears,,,,,,,,
9004,,2115,Exact,25,25,10701,3004,3000,2,0,Future payments,,2592,,,,,,
9006,,2119,Exact,25,25,81800,2001,5200,4,2600,Arrears,454,0,,,,,,
9008,,2128,Exact,25,25,51101,4004,6000,3,4000,Arrears,,680,,,,,,
9009,,2128,Exact,25,25,50400,1004,3600,3,0,Future payments,,1704,,,,,,
9012,,2121,Exact,25,25,82000,3001,,,2335,,,,,,,,,
9014,,2129,Exact,25,25,40600,1029,6000,,6677.79,Arrears,,903,,,,,,
9015,,2129,Exact,25,25,40600,1029,2383,2,2300,Arrears,,,,,,,,800
9016,,2129,Exact,25,25,40600,1029,4000,,14000,Arrears,,1264,,,,,,
9017,,2129,Exact,25,25,40600,1029,4000,3,2492,Arrears,,1164,,,,,,
9018,,2129,Exact,25,25,40600,1029,5966,4,1492,Arrears,,,,,,,,
9023,,2121,Exact,25,25,91900,3006,6000,4,3000,Arrears,,288,,,,,,
9025,,2129,Exact,25,25,40600,1019,3831,3,0,Future payments,,,,,,,,
9026,,2122,Exact,25,25,92000,1005,3125,,625,Arrears & Future payments,,1810,,,,,,
9027,,2128,Exact,25,25,50901,1015,3800,2,3800,Arrears,,1208,,,,,,
9031,,2124,Exact,25,25,92400,5003,2700,,1800,,,,,,,,,3200
9034,,2135,Exact,25,25,202,3000,1577,,1577,,,1068,,,,,,
9039,,2125,Exact,25,25,91001,4000,5950,4,2956,Arrears,,1156,,,,,,
9040,,2118,Exact,25,25,70402,1008,3375,3,1125,Arrears & Future payments,,2744,,,,,,
9041,,2128,Exact,25,25,50200,1002,6000,4,6000,Arrears,,,,,,,,
9042,,2128,Exact,25,25,50200,1002,5331,4,3998,Arrears,,,,,,,,990
9043,,2128,Exact,25,25,50200,1002,4000,1,3252,Arrears & Future payments,,1200,,,,,,
9047,,2128,Exact,25,25,50200,4002,6000,5,5500,Arrears,,,,,,,,
9048,,2122,Exact,25,25,92000,4003,3200,2,0,Arrears & Future payments,,,,,,,,
9050,,2130,Exact,25,25,120500,2002,3132,3,250,Arrears & Future payments,,0,,,,,,
9053,,2136,Exact,25,25,140201,1007,4000,2,9000,,,,,,400,,,
9056,,2128,Exact,25,25,51200,3000,6000,,6000,Arrears,,710,,,,660,,
9060,,2114,Exact,25,25,20302,1000,,,5600,,,,,,,,,
9061,,2124,Exact,25,25,92400,2004,6000,,6000,,,,,,,,,
9062,,2128,Exact,25,25,50101,1001,1555,2,765,,,1257,,,,,,
9064,,2128,Exact,25,25,50200,1001,4000,,6300,Arrears,,,,,,,,
9065,,2128,Exact,25,25,50400,1000,6000,4,2800,Arrears,,,,,,,,
9068,,2126,Exact,25,25,101001,4002,6000,,7800,Arrears,,,,,,,,1148
9072,,2119,Exact,25,25,81800,3003,5324,3,0,Arrears,,1063,,,,,,
9073,,2125,Exact,25,25,90700,1008,4000,2,0,,,1068,,,,,,
9077,,2115,Exact,25,25,10404,4000,1725,3,575,Arrears,,1068,,,,,,
9080,,2124,Exact,25,25,100500,3002,3500,3,2100,Arrears,,,,,,,,
9083,,2129,Exact,25,25,40600,2003,4000,,3250,Arrears & Future payments,,1148,,,,,,
9084,,2128,Exact,25,25,50101,3003,2187.5,3,1325,Arrears,,2500,,,,,,
9086,,2124,Exact,25,25,92000,3006,6000,6,4000,Arrears,,0,,,,,,
9087,,2128,Exact,25,25,50200,1001,5200,4,0,Arrears,,,,,,,,
9089,,2124,Exact,25,25,92200,4004,4000,2,4500,Arrears,1200,,,,,,,
9092,,2124,Exact,25,25,92300,1004,4100,2,2200,Arrears,,344,,,,,,
9093,,2124,Exact,25,25,100100,5000,1700,3,1400,Arrears,,,,,,,,
9098,,2128,Exact,25,25,51101,1008,4000,3,8000,Arrears,,,,,,,,
9100,,2119,Exact,25,25,120301,2001,6000,,4000,Arrears,,,,,,,,
9105,,2121,Exact,25,25,82100,2002,6000,,6000,Arrears,,1853,,,,,,
9107,,2128,Exact,25,25,50901,2000,6000,,21600,Arrears,,1255,,,,,,530
9112,,2128,Exact,25,25,50500,1006,4100,3,1600,Arrears,,,,,,,,
9113,,2121,Exact,25,25,91900,3009,6000,,15000,,,,,,,,,
9114,,2132,Exact,25,25,130404,1005,,,5883,,,,,1406,,,,
9115,,2130,Exact,25,25,120201,2000,6000,,3100,,,317,,,,,,
9117,,2122,Exact,25,25,100603,1009,6000,,6395,,,,,,,,,
9118,,2131,Exact,25,25,110104,1004,6000,,8800,Arrears,,267,,,,,,
9119,,2131,Exact,25,25,110104,1004,6000,,6000,,,2400,,,,,,
9121,,2119,Exact,25,25,80100,2000,1938,,968.75,,100,1068,,,,,,
9122,,2119,Exact,25,25,80100,2000,3876,3,968.75,Arrears & Future payments,,1068,,,,,,
9125,,2122,Exact,25,25,91700,3004,1875,,625,,,308,,,,400,,
9126,,2128,Exact,25,25,50200,2004,1700,,0,Arrears,,,,,,,,0
9128,,2122,Exact,25,25,100603,2014,4300,3,500,Arrears,,300,,,,,,
9129,,2109,Exact,25,25,30500,3000,3375,3,1125,Future payments,,,,,,,,
9130,,2109,Exact,25,25,30500,3000,3375,3,1125,Future payments,,2176,,,,,,
9131,,2116,Exact,25,25,70402,2003,4000,2,0,Future payments,,1928,,,,,,
9133,,2136,Exact,25,25,140300,2008,3940,4,0,,260,1068,,,,,,
9134,,2126,Exact,25,25,101002,3016,6000,,11050,Arrears,,2274,,1000,,,,
9135,,2128,Exact,25,25,51200,3000,6000,3,6500,,2800,,,,,,,
9138,,2126,Exact,25,25,101002,3016,6000,,4941,Arrears & Future payments,,,,,,,,850
9142,,2124,Exact,25,25,100100,4003,6000,,8471.31,,,,,,,,,
9144,,2126,Exact,25,25,101002,3012,6000,,15000,,,,,,,,,
9148,,2126,Exact,25,25,100900,3008,6000,3,6800,Arrears,,,,,,,,
9150,,2119,Exact,25,25,81302,2006,3297,3,2198,Arrears & Future payments,,306,,,,,,
9158,,2122,Exact,25,25,92101,3021,2850,3,950,Arrears,,,,,,,,1716
9160,,2119,Exact,25,25,90600,2011,6000,4,0,Arrears,,1200,,,,,,
9161,,2119,Exact,25,25,81700,2002,4040,3,3360,Arrears,,,,,,,,
9162,,2122,Exact,25,25,91600,1003,6000,3,0,Future payments,,1068,,,,,,
9165,,2126,Exact,25,25,101002,2014,6000,5,23400,Arrears,,,,,,,,
9166,,2128,Exact,25,25,50101,1003,6000,3,4000,Arrears & Future payments,,,,,,,,
9168,,2124,Exact,25,25,100500,2007,6000,2,4000,Arrears,600,,,,,,,
9170,,2130,Exact,25,25,81200,1006,3745,1,2195,Arrears & Future payments,,,,,,,,
9171,,2124,Exact,25,25,92300,1006,6000,1,5000,Arrears & Future payments,,988,,,,,,
9172,,2124,Exact,25,25,92200,4002,6000,,5200,Arrears,,,,,,,,
9174,,2132,Exact,25,25,130300,4005,3550,4,1300,Arrears,0,,,,,,,0
9175,,2116,Exact,25,25,70202,1005,3384,3,1128,Arrears & Future payments,0,,,,,,,
9177,,2125,Exact,25,25,91100,4000,3600,2,1200,,0,578,,,,,,
9179,,2126,Exact,25,25,101102,3002,3309,2,0,,,,,,,,,
9180,,2132,Exact,25,25,130200,4007,4950,3,0,Future payments,,1456,,,,,,
9181,,2132,Exact,25,25,130300,4009,6000,2,8200,,,,,,,,,
9182,,2132,Exact,25,25,130404,1002,6000,,5100,Arrears,,1904,,,,,,
9184,,2119,Exact,25,25,81500,2000,6000,3,8500,,,1068,,,,,,
9186,,2125,Exact,25,25,91500,1007,3200,,3200,Arrears,,,,,,,,
9188,,2132,Exact,25,25,130404,1002,6000,,9825,Arrears,,942,,,,,,
9189,,2126,Exact,25,25,101102,3002,4000,,0,,,558,,,,,,
9190,,2126,Exact,25,25,101102,3002,4425,3,0,Arrears,,,,,,,,
9191,,2122,Exact,25,25,92101,5008,6000,3,4800,Arrears,,,,,,,,
9193,,2134,Exact,25,25,604,1002,,,2500,,,,,,,,,
9194,,2210,Exact,25,25,60604,1010,3144,2,0,Future payments,1086,,,,,400,,
9199,,2124,Exact,25,25,100500,3001,6000,,9700,Arrears,,1578,,,,750,,
9200,,2111,Exact,25,25,70202,1002,4000,4,2550,Arrears & Future payments,,559,,,,,,
9202,,2135,Exact,25,25,701,2004,2000,2,1100,Arrears,,,,,,,,
9203,,2119,Exact,25,25,81800,3000,4752,,3600,Arrears,,,,,,,,
9206,,2126,Exact,25,25,101001,5001,6000,,7100,,,,,,,820,,
9207,,2118,Exact,25,25,71201,2005,2226,2,1900,Arrears & Future payments,,,,,,,,
9209,,2128,Exact,25,25,51200,2003,3806,2,0,Arrears & Future payments,200,1100,,,,,,
9210,,2124,Exact,25,25,100500,4006,4000,2,5200,,,3032,,,,,,
9211,,2119,Exact,25,25,80100,2003,4000,3,3000,,,222,,,,,,
9212,,2124,Exact,25,25,100500,4002,2100,1,2100,,,400,,,,,,
9213,,2124,Exact,25,25,100500,5005,6000,1,6760,Arrears,,2098,,,,,,
9215,,2124,Exact,25,25,100500,1005,3600,3,1200,Arrears & Future payments,,,,,,,,
9216,,2124,Exact,25,25,100500,1005,3300,3,0,Future payments,,,,,,,,
9218,,2132,Exact,25,25,130406,2001,2101,1,2101,Arrears,,,,,836,,,
9220,,2124,Exact,25,25,92300,2000,4000,2,3800,,,,,,530,,,524
9222,,2136,Exact,25,25,140105,1020,6000,6,4000,Arrears & Future payments,0,,,,,,,
9226,,2129,Exact,25,25,40600,1050,4500,2,2400,Arrears,,1500,,,,,,
9227,,2125,Exact,25,25,91400,1001,4000,3,1680,Arrears & Future payments,,3427,,,,,,
9229,,2135,Exact,25,25,102,2010,5472,4,1386.7,Arrears,,464,,,,,,
9230,,2132,Exact,25,25,130404,2018,,,2200,,,,,,,400,,
9232,,2125,Exact,25,25,90400,3005,6000,,16000,Arrears,,,,,,,,
9237,,2122,Exact,25,25,100601,1005,6000,3,8000,,,2600,,,,,,
9245,,2127,Exact,25,25,60301,3007,4000,1,3229,,,2354,,,,,,
9247,,2131,Exact,25,25,140106,2001,2488,2,2000,Arrears,,,,,,,,
9248,,2128,Exact,25,25,51101,2003,6000,4,5400,Arrears & Future payments,,,,,,,,
9249,,2125,Exact,25,25,90400,3005,3600,6,4000,Arrears,,,,,,,,
9253,,2121,Exact,25,25,90100,1012,4000,1,1600,Arrears & Future payments,,,,,,,,
9259,,2125,Exact,25,25,91300,2006,3659,3,2418,Arrears,,,,,,,,
9261,,2124,Exact,25,25,100500,4003,6000,4,12800,Arrears,,,,,,,,
9262,,2131,Exact,25,25,110201,1002,4350,,2900,,,,,,,,,
9267,,2122,Exact,25,25,100603,1016,5600,4,0,Arrears & Future payments,,1040,,,,,,
9271,,2128,Exact,25,25,50600,2007,6000,4,4500,Arrears,,,,,,,,200
9274,,2121,Exact,25,25,90300,1005,3928,3,3000,,,,,,,,,1106
9278,,2111,Exact,25,25,70202,1002,3600,3,0,Future payments,,,,1458,,,,
9281,,2125,Exact,25,25,91100,4002,6000,,10700,Arrears,2000,,,,,,,
9285,,2122,Exact,25,25,92101,1000,5600,4,4200,Arrears,300,,,,220,,,992
9289,,2130,Exact,25,25,81200,2000,6000,,6893,Arrears,,,,,,,,
9290,,2130,Exact,25,25,81200,2000,3538,3,3538,,,,,,,800,,
9292,,2131,Exact,25,25,110502,2007,6000,3,6000,,,1004,,,,,,
9294,,2128,Exact,25,25,50101,1004,6000,3,5000,Arrears,,,,,,,,
9295,,2128,Exact,25,25,50101,1004,6000,,7500,Arrears,,,,,,,,0
9300,,2124,Exact,25,25,100100,2003,6000,1,5600,Arrears & Future payments,,,,,500,,,
9308,,2135,Exact,25,25,701,1003,6000,,1875,,,,,,,,,
9309,,2128,Exact,25,25,51000,1004,2300,3,350,Future payments,,0,,,,,,
9310,,2124,Exact,25,25,100601,3010,4000,2,0,Future payments,,,,,,,,
9311,,2121,Exact,25,25,90300,3002,2375,5,1800,Arrears,,,,,,,,
9312,,2124,Exact,25,25,100500,3002,5000,2,5000,Arrears,,,,,,,,
9314,,2134,Exact,25,25,804,1004,6000,,3800,Arrears,,,,,,,,
9315,,2135,Exact,25,25,506,1007,750,,750,,,592,,,,,,
9322,,2131,Exact,25,25,110301,2011,6000,3,4800,Arrears,,1700,,,,,,
9324,,2136,Exact,25,25,140300,6006,4520,3,3000,Arrears,,,,,,,,
9327,,2124,Exact,25,25,100500,3005,3750,,8000,,,342,,,,,,
9329,,2128,Exact,25,25,50600,1007,6000,4,4000,Arrears & Future payments,,,,,,700,,
9330,,2111,Exact,25,25,70103,1001,1390,1,0,,,1863,,,,,,
9331,,2111,Exact,25,25,70103,1001,4000,,2780,Arrears & Future payments,,546,,,,,,
9334,,2111,Exact,25,25,70103,1001,4000,2,2797,Arrears & Future payments,,2118,,,,,,
9335,,2124,Exact,25,25,100100,5000,6000,,4000,,,200,,,,,,
9336,,2125,Exact,25,25,91100,2003,6000,,850,Arrears,,1260,,,,,,
9337,,2111,Exact,25,25,70202,1003,4000,2,2800,Arrears & Future payments,,,,,,,,
9341,,2135,Exact,25,25,301,4003,2850,3,950,Future payments,,,,,,,,
9344,,2131,Exact,25,25,140106,2001,6000,,7750,Arrears,,,,,,,,
9347,,2128,Exact,25,25,50300,1016,6000,4,3600,Arrears & Future payments,,,,,,,,
9349,,2125,Exact,25,25,91300,1009,6000,2,0,Future payments,,3204,,,,,,
9351,,2122,Exact,25,25,91700,1001,2700,2,0,Arrears & Future payments,,,,,,,,
9352,,2122,Exact,25,25,91700,1001,2700,2,0,Arrears & Future payments,,1307,,,,,,
9354,,2119,Exact,25,25,80100,2002,6000,5,5300,Arrears,,,,,,,,
9356,,2128,Exact,25,25,51101,1007,6000,2,4800,Arrears,,,,,,,,
9359,,2124,Exact,25,25,100300,4002,5488,,1372,,,1280,,,,,,
9363,,2125,Exact,25,25,91100,1004,4000,3,1990,Arrears & Future payments,,,,,,,,
9369,,2126,Exact,25,25,101102,1002,6000,2,4800,Arrears & Future payments,,,,,,,,
9373,,2121,Exact,25,25,82100,2002,4238,3,2733.8,Arrears,,1960,,,,,,
9375,,2136,Exact,25,25,140300,1006,4600,2,2300,Arrears & Future payments,,,,,,,,
9376,,2126,Exact,25,25,101001,5001,5400,6,1150,Arrears & Future payments,,1032,,,,,,
9377,,2125,Exact,25,25,91300,1002,2200,2,2200,Arrears,,1864,,,,,,
9378,,2136,Exact,25,25,140400,1000,4000,4,3400,,,297,,,,,,
9379,,2126,Exact,25,25,101102,4007,4000,1,1400,,,,,,,,,
9381,,2118,Exact,25,25,70802,1005,1805,4,1805,Arrears,,431,,,,,,
9382,,2125,Exact,25,25,91300,2008,6000,,4500,,,,,,,,,
9386,,2134,Exact,25,25,804,1003,4000,5,2250,Arrears,,,,,,,,0
9387,,2127,Exact,25,25,61000,1004,3600,4,900,Arrears & Future payments,,,,,,,,
9390,,2136,Exact,25,25,140202,4010,6000,,5700,,,2200,,,,,,
9393,,2119,Exact,25,25,81301,2001,4207,3,4702,,,,,,,,,
9394,,2119,Exact,25,25,81301,2001,5748,4,3450,Arrears,,,,,,,,
9395,,2119,Exact,25,25,81301,2001,4177.5,3,1712,Arrears,,,,,,,,
9397,,2122,Exact,25,25,92101,2007,4000,,2400,Arrears & Future payments,,1148,,,,,,
9398,,2122,Exact,25,25,92101,2007,4200,3,0,Future payments,,,,,,,,
9399,,2122,Exact,25,25,92101,2007,3900,3,0,,,306,,,,,,
9400,,2134,Exact,25,25,804,2008,4000,3,0,Future payments,400,2915,,,,,,
9403,,2124,Exact,25,25,100500,2006,6000,1,5000,Future payments,,,,,,,,750
9405,,2128,Exact,25,25,50300,1013,4000,3,3150,,,,,,,,,
9406,,2126,Exact,25,25,101001,6002,6000,4,13000,,,1161,,,,,,
9410,,2134,Exact,25,25,101,2008,6000,,13600,,,,,,,,,1875
9411,,2121,Exact,25,25,90200,3000,4000,1,3645,Arrears & Future payments,,828,,,,,,
9413,,2121,Exact,25,25,91900,1003,6000,4,2600,,,,,,,156,,
9415,,2199,Exact,25,25,10600,2001,6000,4,5684,Arrears & Future payments,,,,,,,,
9421,,2135,Exact,25,25,201,2000,2760,,3920,,,,,,,,,
9423,,2135,Exact,25,25,402,2009,,,750,,,,,,,,,
9425,,2131,Exact,25,25,110502,2003,6000,1,5600,Arrears & Future payments,,1148,,,,,,
9426,,2128,Exact,25,25,50300,2003,6000,,4379,,,1716,,,,,,
9427,,2122,Exact,25,25,92101,5003,6000,,6900,,,,,,,,,
9429,,2130,Exact,25,25,120700,2003,,,0,,,2696,,,16,,,
9430,,2130,Exact,25,25,120301,4001,3120,5,3120,Arrears,,836,,,,,,
9432,,2122,Exact,25,25,92101,4000,2800,,1600,Arrears,,,,,,,,
9438,,2124,Exact,25,25,100400,1002,4000,3,1750,,,836,,,,,,
9439,,2118,Exact,25,25,80601,1007,6000,1,1277,Arrears & Future payments,,576,,,,,,
9440,,2118,Exact,25,25,80500,2000,,,1019,,,,,,,,,
9441,,2134,Exact,25,25,804,1004,4200,6,1950,Arrears,,,,,,,,
9442,,2125,Exact,25,25,91200,1006,4000,,3300,Arrears & Future payments,,2283,,,,,,
9448,,2128,Exact,25,25,51000,3000,2550,3,3400,Arrears,,,,,,,,
9452,,2128,Exact,25,25,51000,1003,4000,1,2000,Arrears & Future payments,,,,,,,,
9453,,2128,Exact,25,25,51000,1003,6000,,6000,Arrears,,,,,,,,1000
9455,,2113,Exact,25,25,30100,2005,4000,2,0,Future payments,,,,,,,,
9460,,2128,Exact,25,25,51000,2014,6000,2,7800,,,,,,,,,
9461,,2131,Exact,25,25,110201,1018,5498,3,3994.44,Arrears,,,,,,,,
9462,,2134,Exact,25,25,704,2002,4000,2,5370,Arrears,1500,,,,,,,
9464,,2130,Exact,25,25,120400,3009,4400,2,0,Future payments,24000,,,,,,,
9466,,2130,Exact,25,25,110105,1004,3650,3,1460,Arrears & Future payments,,1928,,,,,,
9467,,2118,Exact,25,25,71101,2003,5962,3,2326,Arrears,,,,,,671,,
9468,,2121,Exact,25,25,90100,5002,1900,1,2500,Arrears,,,,,,,,
9469,,2125,Exact,25,25,91200,3000,3500,3,2100,,,2476,,,,,,
9470,,2136,Exact,25,25,140300,5008,4000,2,4000,Arrears,,,,,,,,
9471,,2128,Exact,25,25,51000,1000,4000,,4600,,,,,,,,,
9474,,2128,Exact,25,25,51000,2010,4744,2,4744,Arrears & Future payments,,,,,,,,0
9475,,2125,Exact,25,25,90700,4014,2800,1,0,Arrears & Future payments,,,,,,,,
9476,,2136,Exact,25,25,140105,1009,6000,5,7750,,,,,,,,,
9477,,2135,Exact,25,25,202,2000,6000,,4000,Arrears,,1148,,,,,,
9478,,2136,Exact,25,25,140102,2021,6000,,7275,Arrears,,,,,,,,
9482,,2122,Exact,25,25,92000,1002,3300,,3300,Arrears,,1059,,,,,,
9485,,2131,Exact,25,25,140106,1002,3004,2,1502,Arrears,,,,,,476,,3000
9486,,2121,Exact,25,25,90300,3004,4000,,5400,,,,,,428,,,728
9487,,2215,Exact,25,25,10204,3006,4000,3,1343,Arrears & Future payments,,,,,,,,
9488,,2128,Exact,25,25,50300,2004,6000,,7134.55,Arrears,,,,,,,,
9489,,2121,Exact,25,25,90100,5005,3600,2,1800,Arrears,,2344,,,,,,
9490,,2130,Exact,25,25,110106,1000,6000,,5208,Arrears & Future payments,,1148,,,,,,
9495,,2127,Exact,25,25,61201,1008,2700,3,2700,Arrears,,,,,,,,
9496,,2109,Exact,25,25,30400,4006,6000,,7650,Arrears,,1896,,,,,,
9500,,2128,Exact,25,25,50600,2004,5175,3,0,Future payments,,,,,,,,
9501,,2125,Exact,25,25,90400,1001,6000,,9000,,,1008,,,,,,
9503,,2124,Exact,25,25,100500,1006,6000,3,9000,Arrears,115,160,,,,,,
9506,,2135,Exact,25,25,604,2003,5435,3,3640,Arrears,,,,,,,,
9509,,2119,Exact,25,25,81800,2000,6000,3,2570,Arrears,,1160,,,,,,
9510,,2128,Exact,25,25,51101,1010,3060,3,3060,,,,,,,,,
9512,,2125,Exact,25,25,91300,2000,4000,3,2000,Arrears & Future payments,,800,,,,,,
9513,,2121,Exact,25,25,90300,1005,5798.32,3,1298,Arrears & Future payments,,,,,,,,
9514,,2116,Exact,25,25,10600,1007,6000,,10700,Arrears,,,,,,,,
9518,,2128,Exact,25,25,51101,1009,3000,2,1500,Arrears,,,,,,,,
9520,,2121,Exact,25,25,82100,3002,4000,3,3550,Arrears & Future payments,,2062,,,,,,
9521,,2128,Exact,25,25,50300,1011,4000,2,5400,,,,,,,,,
3868,,2128,Non_Exact,25,25,50200,1005,1400,2,1400,Arrears,,,,,,300,,
6251,,2121,Non_Exact,25,25,81900,2001,6000,3,14700,Arrears,,,,,,,,
8291,,2128,Non_Exact,25,25,51000,2010,3163,2,12837,,,1200,,0,0,,0,
8410,,2467,Non_Exact,25,25,130101,1009,6000,,12135,Arrears,,1044,,,,,,
8412,,2136,Non_Exact,25,25,140400,5013,,,0,,,636,,,,,,
8501,,2119,Non_Exact,25,25,80401,1017,3632.7,3,728,Arrears & Future payments,,,,,,,,
8551,,2135,Non_Exact,25,25,402,2014,1900,3,3200,Arrears,,1200,,,,,,
8789,,2120,Non_Exact,25,25,81102,1003,6000,3,6075,Arrears,,452,,,,,,400
8864,,2128,Non_Exact,25,25,50200,4000,5500,5,4400,Arrears,,,,,,,,
9108,,2136,Non_Exact,25,25,140102,1003,2775,3,0,Arrears,,2600,,,,,,
9243,,2131,Non_Exact,25,25,110201,1000,4000,,4800,,,,,,,,,813
9268,,2131,Non_Exact,25,25,110201,1011,6000,,5700,,,,,,,,,1100
9319,,2128,Non_Exact,25,25,50101,3000,5550,3,3700,Arrears & Future payments,,,,,,,,
972,,2124,,25,25,100601,4006,5700,,6200,Arrears,,600,,,,,,
2551,,2111,,25,25,70102,2000,4000,1,2300,Arrears & Future payments,,3539,,,,,,
3637,,2128,,25,25,50400,2003,,,1550,,0,0,0,0,0,0,0,0
5712,,2128,,25,25,50200,2000,6000,3,7600,Arrears,0,0,0,0,0,0,0,0
6758,,2128,,25,25,50200,2001,6000,5,1450,,,,,,,1100,,
8090,,2125,,25,25,91400,2005,4000,4,3010,Arrears & Future payments,,1684,,,,784,,
8333,,2113,,25,25,30400,3003,4000,1,3070.8,Arrears & Future payments,,2068,,,,,,
8342,,2124,,25,25,100100,5000,6000,3,6600,Arrears,,0,,,,,,
8494,,2114,,25,25,20304,1008,5000,4,5000,Arrears,,269,,,,,,
8496,,2114,,25,25,20305,2002,2505,1,0,Future payments,0,,,,,,,
8543,,2215,,25,25,10205,3002,4000,2,1900,Arrears & Future payments,,1148,,,,,,
8676,,2124,,25,25,91001,1004,3018,2,0,,,1188,,,,,,
8702,,2136,,25,25,140102,2001,4000,3,0,Future payments,,,,,,,,
8722,,2124,,25,25,92101,5009,,,3400,,1500,,,,,,,
8742,,2135,,25,25,503,1005,4000,3,950,Arrears,0,0,,,,,,
8828,,2119,,25,25,81301,1004,5622,6,4721.06,Arrears,,1068,,,,,,2069
8847,,2126,,25,25,100900,4001,,,6500,,,800,,,,,,1000
8942,,2122,,25,25,92101,2012,6000,,7600,Arrears,,,,,,,,
8985,,2121,,25,25,82000,1004,4000,1,2888,Arrears & Future payments,,,,,,,,
9020,,2124,,25,25,70104,3000,6000,4,3898,Arrears,,,,,,,,
9037,,2118,,25,25,71101,2003,6000,5,2800,Arrears,,900,,,,,,
9069,,2131,,25,25,110401,2008,4200,2,5400,Arrears,,1400,,,,,,
9102,,2114,,25,25,20305,2002,6000,3,6735,Arrears,,1168,,,,,,
9111,,2128,,25,25,51200,1002,,,0,,,0,,,,,,
9140,,2119,,25,25,80500,1007,5272,3,2636,Arrears & Future payments,,0,,,,,,
9192,,2113,,25,25,30400,3003,4000,,4797.39,,,1000,,,,,,
9219,,2127,,25,25,60501,3003,2032.07,1,1990,Arrears,,2300,,,,,,
9419,,2128,,25,25,50600,2007,4000,4,0,Arrears,,,,,,,,
9446,,2120,,25,25,81102,1001,6000,4,1500,Future payments,,300,,,,,,
9508,,2130,,25,25,110105,1015,4000,3,3807.5,,,1352,,,,,,
