,id,original_zip,match_kind,state_code,county_code,tract_code,block_code,RRF Award Amount ,No of months of assistance,Rent owing,RRF Award Type ,Mthly Self Employment,Mthly Unemployment,Mthly Interest or Dividend,Mthly Pension or Retirement,Mthly TANF/Public Assistance,Mthly Alimony income,Mthly Armed Forces income,Mthly Other income
0,7,2119,Exact,25,25,81400,3003,6000.0,0.0,9444.0,0,0.0,0.0,0.0,0.0,0.0,0.0,0.0,0.0
1,8,2124,Exact,25,25,100300,3005,5700.0,3.0,1900.0,Arrears & Future payments,0.0,2140.0,0.0,0.0,0.0,0.0,0.0,0.0
2,56,2119,Exact,25,25,80100,1051,3750.0,6.0,4375.0,Arrears,0.0,0.0,0.0,0.0,0.0,0.0,0.0,0.0
3,63,2128,Exact,25,25,51200,3000,4000.0,1.0,4000.0,Arrears & Future payments,0.0,0.0,0.0,0.0,0.0,530.0,0.0,0.0
4,75,2128,Exact,25,25,50101,3001,6000.0,0.0,7900.0,Arrears,800.0,0.0,0.0,0.0,0.0,0.0,0.0,0.0
5,102,2128,Exact,25,25,50700,3005,6000.0,0.0,7600.0,Arrears,0.0,0.0,0.0,0.0,0.0,0.0,0.0,0.0
6,133,2128,Exact,25,25,50700,1003,2000.0,0.0,1404.0,Future payments,0.0,0.0,0.0,0.0,0.0,0.0,0.0,0.0
7,154,2124,Exact,25,25,100500,5005,2350.0,0.0,4000.0,Arrears,0.0,1152.0,0.0,0.0,0.0,0.0,0.0,0.0
8,161,2127,Exact,25,25,60800,3000,3600.0,3.0,4800.0,0,0.0,1400.0,0.0,0.0,0.0,0.0,0.0,0.0
9,269,2128,Exact,25,25,50500,1003,4950.0,3.0,3300.0,0,0.0,1116.0,0.0,0.0,0.0,0.0,0.0,0.0
10,314,2124,Exact,25,25,100601,3011,6000.0,3.0,0.0,Arrears & Future payments,0.0,1864.0,0.0,0.0,0.0,0.0,0.0,0.0
11,410,2121,Exact,25,25,91900,2002,0.0,0.0,12362.0,0,0.0,0.0,0.0,0.0,0.0,0.0,0.0,0.0
12,426,2131,Exact,25,25,110607,3000,4000.0,3.0,9116.0,0,0.0,200.0,0.0,0.0,0.0,0.0,0.0,0.0
13,440,2128,Exact,25,25,50901,2003,6000.0,0.0,4500.0,Arrears & Future payments,0.0,0.0,0.0,0.0,0.0,384.0,0.0,0.0
14,534,2124,Exact,25,25,92300,3008,6000.0,0.0,10703.0,Arrears,0.0,0.0,0.0,0.0,0.0,0.0,0.0,0.0
15,806,2126,Exact,25,25,101102,3002,4000.0,2.0,0.0,0,0.0,1068.0,0.0,0.0,0.0,0.0,0.0,0.0
16,814,2111,Exact,25,25,70103,1001,4170.0,3.0,0.0,Future payments,0.0,3320.0,0.0,0.0,0.0,0.0,0.0,0.0
17,815,2121,Exact,25,25,90300,2006,3200.0,2.0,1600.0,Arrears & Future payments,0.0,0.0,0.0,0.0,0.0,0.0,0.0,0.0
18,889,2119,Exact,25,25,81500,2004,2718.0,0.0,3618.0,0,0.0,0.0,0.0,0.0,0.0,0.0,0.0,0.0
19,1006,2128,Exact,25,25,50101,1002,6000.0,3.0,7200.0,Arrears,0.0,0.0,0.0,0.0,0.0,0.0,0.0,0.0
20,1012,2128,Exact,25,25,50300,3002,6000.0,0.0,6518.0,Arrears,500.0,1290.0,0.0,0.0,0.0,0.0,0.0,0.0
21,1057,2125,Exact,25,25,91300,1004,4000.0,2.0,4000.0,0,0.0,0.0,0.0,0.0,0.0,0.0,0.0,0.0
22,1135,2128,Exact,25,25,50200,4001,6000.0,3.0,6000.0,Arrears,0.0,0.0,0.0,0.0,0.0,0.0,0.0,0.0
23,1140,2126,Exact,25,25,101101,3008,5250.0,3.0,3000.0,Arrears,0.0,0.0,0.0,0.0,0.0,0.0,0.0,0.0
24,1243,2126,Exact,25,25,101001,5001,6000.0,0.0,16450.0,Arrears,0.0,0.0,0.0,0.0,0.0,0.0,0.0,0.0
25,1288,2124,Exact,25,25,100200,3006,4000.0,2.0,4100.0,0,0.0,0.0,0.0,802.58,0.0,0.0,0.0,0.0
26,1367,2122,Exact,25,25,100700,1004,3000.0,3.0,0.0,Future payments,0.0,0.0,0.0,0.0,0.0,0.0,0.0,0.0
27,1384,2136,Exact,25,25,140400,5006,1800.0,1.0,2000.0,Arrears,0.0,300.0,0.0,0.0,0.0,0.0,0.0,0.0
28,1568,2128,Exact,25,25,51200,2001,4000.0,3.0,1500.0,Arrears & Future payments,0.0,0.0,0.0,0.0,0.0,0.0,0.0,0.0
29,1596,2119,Exact,25,25,80401,2003,4000.0,3.0,1724.0,Arrears & Future payments,0.0,0.0,0.0,0.0,0.0,0.0,0.0,0.0
30,1606,2128,Exact,25,25,50200,2002,6000.0,5.0,3985.0,Arrears & Future payments,0.0,0.0,0.0,0.0,0.0,0.0,250.0,0.0
31,1613,2130,Exact,25,25,81101,2000,4929.0,3.0,2000.0,Arrears & Future payments,0.0,0.0,0.0,0.0,0.0,0.0,0.0,0.0
32,1659,2128,Exact,25,25,50101,3005,3411.0,3.0,0.0,Arrears & Future payments,0.0,1284.0,0.0,0.0,0.0,0.0,0.0,0.0
33,1705,2128,Exact,25,25,51000,2010,6000.0,2.0,2750.0,Arrears & Future payments,0.0,0.0,0.0,0.0,0.0,0.0,0.0,633.0
34,1787,2136,Exact,25,25,140400,6001,4000.0,0.0,2312.0,Arrears & Future payments,0.0,0.0,0.0,0.0,0.0,0.0,0.0,0.0
35,1789,2118,Exact,25,25,70402,1010,3648.0,0.0,2250.0,0,0.0,1212.0,0.0,0.0,0.0,0.0,0.0,0.0
36,1841,2128,Exact,25,25,50200,4002,6000.0,1.0,7200.0,Arrears,2.0,0.0,0.0,0.0,0.0,0.0,0.0,0.0
37,1867,2128,Exact,25,25,50101,3005,5040.0,4.0,0.0,Arrears,0.0,0.0,0.0,0.0,0.0,0.0,0.0,0.0
38,1887,2121,Exact,25,25,90100,2004,6000.0,2.0,4522.0,Arrears & Future payments,0.0,0.0,0.0,0.0,0.0,0.0,0.0,0.0
39,1894,2128,Exact,25,25,50700,3005,5200.0,1.0,3900.0,Arrears & Future payments,0.0,1724.0,0.0,0.0,0.0,0.0,0.0,0.0
40,1936,2128,Exact,25,25,51101,1004,6000.0,3.0,0.0,Arrears,0.0,0.0,0.0,0.0,0.0,0.0,0.0,0.0
41,2044,2128,Exact,25,25,50300,3002,4200.0,6.0,5600.0,Arrears,0.0,0.0,0.0,0.0,0.0,0.0,0.0,0.0
42,2151,2128,Exact,25,25,50200,1006,5670.0,3.0,5670.0,Future payments,0.0,0.0,0.0,0.0,0.0,0.0,0.0,0.0
43,2177,2135,Exact,25,25,401,4004,5310.0,2.0,1755.0,Arrears & Future payments,0.0,0.0,0.0,0.0,0.0,0.0,0.0,0.0
44,2244,2128,Exact,25,25,50901,2006,6000.0,3.0,4100.0,Arrears & Future payments,0.0,0.0,0.0,0.0,0.0,0.0,0.0,0.0
45,2248,2119,Exact,25,25,81700,3011,6000.0,0.0,8100.0,Arrears,0.0,0.0,0.0,0.0,0.0,0.0,0.0,0.0
46,2279,2215,Exact,25,25,10205,3000,2984.0,2.0,1492.0,Arrears & Future payments,0.0,1960.0,0.0,0.0,0.0,0.0,0.0,0.0
47,2294,2128,Exact,25,25,51000,3002,3200.0,4.0,1600.0,Arrears,0.0,0.0,0.0,0.0,0.0,0.0,0.0,0.0
48,2370,2128,Exact,25,25,50600,2007,4800.0,3.0,4800.0,Arrears,0.0,0.0,0.0,0.0,0.0,0.0,0.0,0.0
49,2408,2121,Exact,25,25,90200,1001,4000.0,2.0,3250.0,Arrears,0.0,0.0,0.0,0.0,0.0,0.0,0.0,0.0
50,2430,2128,Exact,25,25,50700,3003,0.0,0.0,6000.0,0,0.0,0.0,0.0,0.0,0.0,0.0,0.0,0.0
51,2509,2128,Exact,25,25,50101,3002,2800.0,4.0,1400.0,0,0.0,0.0,0.0,0.0,0.0,0.0,0.0,0.0
52,2653,2134,Exact,25,25,604,2001,4020.0,2.0,0.0,Arrears,0.0,1720.0,0.0,0.0,0.0,0.0,0.0,0.0
53,2654,2126,Exact,25,25,101002,1003,5200.0,2.0,25000.0,Arrears,0.0,267.0,0.0,0.0,0.0,0.0,0.0,2194.0
54,2682,2134,Exact,25,25,805,2004,4000.0,3.0,700.0,Arrears & Future payments,0.0,0.0,0.0,0.0,0.0,0.0,0.0,0.0
55,2727,2136,Exact,25,25,140300,3007,4000.0,2.0,4200.0,Arrears,0.0,1068.0,0.0,0.0,0.0,0.0,0.0,1068.0
56,2832,2128,Exact,25,25,50500,1003,4500.0,3.0,4500.0,0,1600.0,0.0,0.0,0.0,0.0,0.0,0.0,0.0
57,2884,2132,Exact,25,25,130200,1000,2000.0,1.0,2000.0,Arrears,0.0,0.0,0.0,0.0,0.0,3371.0,0.0,0.0
58,2938,2136,Exact,25,25,140107,2000,4000.0,1.0,2500.0,Arrears,0.0,0.0,0.0,0.0,0.0,0.0,0.0,0.0
59,2952,2128,Exact,25,25,50200,4001,3750.0,3.0,2500.0,Arrears,0.0,0.0,0.0,0.0,0.0,0.0,0.0,0.0
60,3029,2128,Exact,25,25,51000,3002,3949.0,3.0,1560.0,Arrears,0.0,1800.0,0.0,0.0,0.0,0.0,0.0,0.0
61,3186,2124,Exact,25,25,100400,1003,6000.0,2.0,1300.0,Arrears & Future payments,0.0,0.0,0.0,0.0,0.0,0.0,0.0,0.0
62,3191,2119,Exact,25,25,80401,2003,0.0,0.0,6289.7,0,0.0,0.0,0.0,0.0,0.0,0.0,1500.0,0.0
63,3196,2128,Exact,25,25,51200,1004,4000.0,3.0,1295.0,Arrears,0.0,1988.0,0.0,0.0,0.0,0.0,0.0,0.0
64,3242,2126,Exact,25,25,101002,2014,6000.0,0.0,4500.0,0,0.0,0.0,0.0,0.0,0.0,0.0,0.0,0.0
65,3289,2125,Exact,25,25,91300,1008,4000.0,2.0,2000.0,0,0.0,1420.0,0.0,0.0,0.0,0.0,0.0,0.0
66,3339,2124,Exact,25,25,100300,1007,3800.0,0.0,5700.0,Arrears,3100.0,0.0,0.0,0.0,0.0,0.0,0.0,0.0
67,3340,2129,Exact,25,25,40300,3001,4000.0,2.0,2000.0,0,0.0,195.0,0.0,0.0,0.0,0.0,0.0,0.0
68,3353,2111,Exact,25,25,70103,1001,0.0,0.0,5820.0,0,0.0,0.0,0.0,0.0,0.0,0.0,0.0,0.0
69,3356,2114,Exact,25,25,20302,1000,4290.0,0.0,4290.0,0,0.0,3292.0,0.0,0.0,0.0,0.0,0.0,0.0
70,3380,2136,Exact,25,25,140300,1003,3025.0,0.0,1988.0,0,0.0,1340.0,0.0,0.0,0.0,0.0,0.0,0.0
71,3394,2125,Exact,25,25,91500,1003,6000.0,0.0,6000.0,Arrears,0.0,1922.0,0.0,0.0,0.0,0.0,0.0,0.0
72,3459,2128,Exact,25,25,51200,3000,5477.0,4.0,3000.0,Arrears & Future payments,0.0,0.0,0.0,0.0,0.0,0.0,0.0,0.0
73,3474,2111,Exact,25,25,70202,1022,2704.0,2.0,1359.0,Arrears & Future payments,0.0,0.0,0.0,0.0,0.0,0.0,0.0,0.0
74,3612,2132,Exact,25,25,130300,2000,4200.0,3.0,2800.0,Arrears,0.0,0.0,0.0,0.0,0.0,0.0,0.0,0.0
75,3672,2128,Exact,25,25,50700,1003,0.0,0.0,15400.0,0,0.0,0.0,0.0,0.0,0.0,0.0,0.0,0.0
76,3676,2122,Exact,25,25,91700,1003,4000.0,3.0,1540.0,Arrears & Future payments,0.0,0.0,0.0,0.0,0.0,0.0,0.0,0.0
77,3678,2128,Exact,25,25,50200,3000,2050.0,1.0,2000.0,Arrears,0.0,0.0,0.0,0.0,0.0,0.0,0.0,0.0
78,3717,2128,Exact,25,25,50101,2005,3750.0,3.0,0.0,Arrears & Future payments,0.0,0.0,0.0,0.0,0.0,0.0,0.0,0.0
79,3812,2128,Exact,25,25,50400,1003,4000.0,4.0,3000.0,Arrears,0.0,0.0,0.0,0.0,0.0,0.0,0.0,0.0
80,4097,2134,Exact,25,25,703,2006,0.0,0.0,6769.0,0,0.0,0.0,0.0,0.0,0.0,0.0,0.0,0.0
81,4175,2125,Exact,25,25,91400,1001,4000.0,2.0,2687.0,Arrears & Future payments,0.0,0.0,0.0,0.0,0.0,0.0,0.0,0.0
82,4182,2122,Exact,25,25,92101,3013,6000.0,6.0,6000.0,Arrears,0.0,850.0,0.0,0.0,0.0,0.0,0.0,0.0
83,4197,2136,Exact,25,25,140400,6001,0.0,0.0,0.0,0,0.0,0.0,0.0,0.0,0.0,0.0,0.0,0.0
84,4214,2129,Exact,25,25,40801,3001,2132.0,0.0,0.0,Arrears,0.0,0.0,0.0,0.0,0.0,0.0,0.0,0.0
85,4285,2119,Exact,25,25,81302,1001,3645.0,3.0,3000.0,Arrears,0.0,1168.0,0.0,0.0,0.0,0.0,0.0,0.0
86,4337,2128,Exact,25,25,50300,2004,6000.0,3.0,7989.0,0,0.0,0.0,0.0,0.0,0.0,0.0,0.0,0.0
87,4339,2125,Exact,25,25,90400,4003,6000.0,5.0,7200.0,Arrears,0.0,1365.0,0.0,0.0,0.0,0.0,0.0,0.0
88,4466,2128,Exact,25,25,50500,1005,2000.0,0.0,2200.0,Arrears,0.0,0.0,0.0,0.0,0.0,0.0,0.0,0.0
89,4472,2128,Exact,25,25,50200,4002,6000.0,0.0,6000.0,Arrears,0.0,0.0,0.0,0.0,0.0,0.0,0.0,0.0
90,4482,2113,Exact,25,25,30400,1004,3300.0,3.0,1100.0,Arrears,0.0,823.0,0.0,0.0,0.0,0.0,0.0,0.0
91,4497,2119,Exact,25,25,81301,2001,5667.25,4.0,4303.75,Arrears,0.0,0.0,0.0,0.0,0.0,0.0,0.0,0.0
92,4560,2128,Exact,25,25,51000,1018,2000.0,0.0,5600.0,Arrears,0.0,0.0,0.0,0.0,0.0,0.0,0.0,0.0
93,4658,2126,Exact,25,25,101002,3008,4000.0,0.0,4000.0,Arrears,0.0,1000.0,0.0,0.0,0.0,0.0,0.0,0.0
94,4659,2124,Exact,25,25,92000,4005,2900.0,2.0,1450.0,Arrears,0.0,0.0,0.0,0.0,0.0,0.0,0.0,0.0
95,4852,2127,Exact,25,25,60101,2001,4500.0,4.0,3000.0,Arrears,0.0,0.0,0.0,0.0,0.0,0.0,0.0,0.0
96,4907,2125,Exact,25,25,91500,1002,4000.0,3.0,4800.0,0,0.0,1136.0,0.0,0.0,0.0,0.0,0.0,0.0
97,4941,2128,Exact,25,25,50700,3004,6000.0,0.0,6000.0,Arrears,0.0,0.0,0.0,0.0,0.0,0.0,0.0,0.0
98,4949,2128,Exact,25,25,50101,3000,4000.0,2.0,4000.0,0,0.0,0.0,0.0,0.0,0.0,0.0,0.0,0.0
99,4965,2128,Exact,25,25,50200,1006,5100.0,3.0,3400.0,Arrears,0.0,0.0,0.0,0.0,0.0,0.0,0.0,0.0
100,5124,2125,Exact,25,25,90901,2008,6000.0,4.0,8700.0,0,0.0,912.0,0.0,0.0,0.0,0.0,0.0,300.0
101,5136,2128,Exact,25,25,50600,2001,6000.0,3.0,7025.0,Arrears,2074.0,0.0,0.0,0.0,0.0,0.0,0.0,0.0
102,5192,2128,Exact,25,25,50901,2005,2400.0,3.0,0.0,0,0.0,0.0,0.0,0.0,0.0,0.0,0.0,0.0
103,5269,2122,Exact,25,25,100700,4005,6000.0,0.0,6000.0,Arrears,0.0,0.0,0.0,0.0,0.0,0.0,0.0,0.0
104,5275,2121,Exact,25,25,82100,1006,1490.0,0.0,700.0,0,0.0,0.0,0.0,0.0,0.0,0.0,0.0,900.0
105,5287,2118,Exact,25,25,70901,1004,4200.0,6.0,2100.0,Arrears,0.0,0.0,0.0,0.0,0.0,0.0,0.0,0.0
106,5369,2125,Exact,25,25,90400,4000,2848.0,3.0,0.0,Arrears,0.0,0.0,0.0,0.0,0.0,0.0,0.0,0.0
107,5389,2128,Exact,25,25,51101,1000,4000.0,0.0,7500.0,Arrears,0.0,0.0,0.0,0.0,900.0,0.0,0.0,0.0
108,5390,2128,Exact,25,25,50200,1005,4000.0,2.0,3400.0,Arrears & Future payments,0.0,0.0,0.0,0.0,0.0,0.0,0.0,0.0
109,5449,2136,Exact,25,25,140400,1000,4000.0,3.0,7797.0,Arrears,0.0,0.0,0.0,0.0,0.0,0.0,0.0,0.0
110,5459,2125,Exact,25,25,91800,1002,6000.0,0.0,6500.0,0,0.0,0.0,0.0,0.0,0.0,0.0,0.0,0.0
111,5500,2128,Exact,25,25,50200,2004,5700.0,2.0,3800.0,Arrears,0.0,292.0,0.0,0.0,0.0,0.0,0.0,0.0
112,5532,2124,Exact,25,25,100800,1003,6000.0,6.0,4000.0,Arrears,0.0,2000.0,0.0,0.0,0.0,0.0,0.0,0.0
113,5601,2119,Exact,25,25,81400,2003,4000.0,4.0,11000.0,0,0.0,632.0,0.0,0.0,0.0,0.0,0.0,0.0
114,5635,2128,Exact,25,25,50101,3002,0.0,0.0,1700.0,0,0.0,0.0,0.0,0.0,0.0,0.0,0.0,0.0
115,5670,2128,Exact,25,25,51101,4004,6000.0,3.0,4000.0,Arrears,0.0,1368.0,0.0,0.0,0.0,0.0,0.0,0.0
116,5727,2128,Exact,25,25,50901,1007,6000.0,3.0,9600.0,Arrears,0.0,0.0,0.0,0.0,0.0,0.0,0.0,0.0
117,5768,2134,Exact,25,25,806,2000,6000.0,0.0,4554.0,0,0.0,0.0,0.0,0.0,0.0,0.0,0.0,0.0
118,5853,2124,Exact,25,25,92300,3006,6000.0,0.0,5000.0,0,0.0,1200.0,0.0,0.0,0.0,0.0,0.0,0.0
119,5881,2125,Exact,25,25,91400,1001,6000.0,0.0,10179.0,0,0.0,0.0,0.0,0.0,0.0,0.0,0.0,0.0
120,5928,2124,Exact,25,25,100100,3004,6000.0,5.0,6925.0,Arrears,0.0,0.0,0.0,0.0,0.0,0.0,0.0,0.0
121,5946,2128,Exact,25,25,51200,2003,6000.0,3.0,1500.0,Arrears,1500.0,0.0,0.0,0.0,0.0,0.0,0.0,0.0
122,5968,2121,Exact,25,25,81900,4004,4000.0,3.0,1800.0,Arrears & Future payments,0.0,1027.0,0.0,0.0,0.0,0.0,0.0,0.0
123,6061,2128,Exact,25,25,51000,1010,4000.0,2.0,2000.0,Arrears & Future payments,0.0,0.0,0.0,0.0,0.0,0.0,0.0,0.0
124,6071,2128,Exact,25,25,50400,2006,6000.0,0.0,8300.0,Arrears,0.0,0.0,0.0,0.0,0.0,0.0,0.0,0.0
125,6072,2125,Exact,25,25,90700,4010,3622.0,5.0,1500.0,Arrears & Future payments,0.0,396.0,0.0,0.0,0.0,0.0,0.0,0.0
126,6074,2125,Exact,25,25,90400,4004,6000.0,0.0,1.0,0,0.0,2024.0,0.0,0.0,0.0,0.0,0.0,0.0
127,6079,2126,Exact,25,25,101002,3000,6000.0,3.0,5235.0,0,0.0,0.0,0.0,0.0,0.0,0.0,0.0,0.0
128,6314,2136,Exact,25,25,140300,6005,3207.0,2.0,2000.0,0,0.0,896.0,0.0,0.0,0.0,0.0,0.0,0.0
129,6372,2132,Exact,25,25,130404,1002,4000.0,1.0,2500.0,Arrears & Future payments,0.0,0.0,0.0,0.0,0.0,0.0,0.0,0.0
130,6632,2126,Exact,25,25,101102,4004,6000.0,6.0,12300.0,Arrears,0.0,0.0,0.0,0.0,0.0,0.0,0.0,0.0
131,6710,2128,Exact,25,25,50901,3006,2100.0,2.0,0.0,Arrears,0.0,0.0,0.0,0.0,0.0,0.0,0.0,0.0
132,6776,2125,Exact,25,25,90700,1003,4000.0,0.0,6400.0,Arrears,0.0,0.0,0.0,0.0,0.0,0.0,0.0,0.0
133,6786,2128,Exact,25,25,51200,2001,2000.0,1.0,4950.0,Arrears,0.0,1012.0,0.0,0.0,0.0,0.0,0.0,0.0
134,6884,2134,Exact,25,25,704,3002,6000.0,3.0,11295.0,0,0.0,1035.0,0.0,0.0,0.0,0.0,0.0,0.0
135,6924,2131,Exact,25,25,110401,1000,2000.0,0.0,1650.0,0,0.0,1440.0,0.0,0.0,0.0,0.0,0.0,0.0
136,6955,2119,Exact,25,25,80401,2007,3200.0,3.0,0.0,Future payments,0.0,1340.0,0.0,0.0,0.0,0.0,0.0,0.0
137,6971,2136,Exact,25,25,140105,2002,6000.0,0.0,11700.0,0,0.0,1148.0,0.0,0.0,0.0,0.0,0.0,0.0
138,7017,2215,Exact,25,25,10104,3007,3825.0,1.0,1530.0,Arrears & Future payments,0.0,860.0,0.0,0.0,0.0,0.0,0.0,0.0
139,7041,2119,Exact,25,25,80300,2000,2120.0,2.0,1220.0,Arrears,0.0,1856.0,0.0,0.0,0.0,0.0,0.0,0.0
140,7054,2128,Exact,25,25,51200,3000,2580.0,2.0,2580.0,Arrears,0.0,0.0,0.0,0.0,0.0,0.0,0.0,0.0
141,7103,2118,Exact,25,25,70402,1008,4000.0,1.0,3221.0,Arrears & Future payments,0.0,1156.0,0.0,0.0,0.0,0.0,0.0,0.0
142,7114,2134,Exact,25,25,804,1005,3150.0,3.0,1050.0,Arrears & Future payments,0.0,1000.0,0.0,0.0,0.0,0.0,0.0,0.0
143,7192,2121,Exact,25,25,90100,5000,4000.0,3.0,6000.0,0,0.0,1268.0,0.0,0.0,0.0,0.0,0.0,0.0
144,7243,2124,Exact,25,25,100200,3001,6000.0,5.0,1850.0,0,0.0,286.0,0.0,0.0,0.0,0.0,0.0,808.0
145,7355,2126,Exact,25,25,101002,1004,6000.0,5.0,6000.0,Arrears,0.0,0.0,0.0,0.0,0.0,0.0,0.0,0.0
146,7365,2119,Exact,25,25,81400,3003,4000.0,1.0,2662.1,0,0.0,47.0,0.0,0.0,0.0,0.0,0.0,0.0
147,7405,2122,Exact,25,25,92101,2004,5400.0,4.0,4800.0,Arrears,0.0,0.0,0.0,0.0,0.0,0.0,0.0,0.0
148,7430,2136,Exact,25,25,140300,5007,4000.0,0.0,12000.0,0,0.0,0.0,0.0,0.0,0.0,0.0,0.0,0.0
149,7433,2124,Exact,25,25,100100,3003,6000.0,1.0,4800.0,Arrears & Future payments,0.0,1148.0,0.0,0.0,0.0,0.0,0.0,0.0
150,7470,2128,Exact,25,25,50600,2001,6000.0,2.0,5000.0,Arrears,0.0,0.0,0.0,0.0,0.0,0.0,0.0,0.0
151,7538,2115,Exact,25,25,10802,2002,4000.0,3.0,1400.0,0,0.0,0.0,0.0,0.0,0.0,0.0,0.0,0.0
152,7659,2126,Exact,25,25,101102,2002,6000.0,0.0,7500.0,Arrears,0.0,0.0,0.0,0.0,0.0,0.0,0.0,249.0
153,7669,2128,Exact,25,25,50200,4001,6000.0,3.0,6300.0,Arrears,0.0,0.0,0.0,0.0,0.0,0.0,0.0,0.0
154,7732,2111,Exact,25,25,70202,1022,3759.0,3.0,0.0,Arrears & Future payments,0.0,900.0,0.0,0.0,0.0,0.0,0.0,0.0
155,7761,2111,Exact,25,25,70103,1001,4000.0,0.0,2780.0,0,0.0,858.0,0.0,0.0,0.0,0.0,0.0,0.0
156,7787,2124,Exact,25,25,100500,3000,3755.0,2.0,1900.0,Arrears & Future payments,0.0,0.0,0.0,0.0,0.0,0.0,0.0,0.0
157,7819,2126,Exact,25,25,101101,3002,6000.0,0.0,4953.0,Arrears,1200.0,1068.0,0.0,0.0,0.0,0.0,0.0,0.0
158,7839,2128,Exact,25,25,51000,1000,6000.0,4.0,5100.0,Arrears & Future payments,0.0,0.0,0.0,0.0,0.0,0.0,0.0,0.0
159,7850,2124,Exact,25,25,100300,1007,5500.0,4.0,4100.0,Arrears,0.0,1268.0,0.0,0.0,0.0,0.0,0.0,0.0
160,7916,2111,Exact,25,25,70202,1019,6000.0,3.0,4860.0,Arrears & Future payments,0.0,0.0,0.0,0.0,0.0,0.0,0.0,0.0
161,7978,2111,Exact,25,25,70202,2002,3172.0,2.0,0.0,Arrears,0.0,0.0,0.0,0.0,0.0,0.0,0.0,0.0
162,8039,2128,Exact,25,25,51000,1003,6000.0,3.0,2200.0,0,0.0,0.0,0.0,0.0,0.0,0.0,0.0,0.0
163,8064,2127,Exact,25,25,60501,5004,4000.0,2.0,0.0,Future payments,0.0,3292.0,0.0,0.0,0.0,0.0,0.0,0.0
164,8067,2132,Exact,25,25,130404,1002,6000.0,4.0,8375.0,Arrears,0.0,199.0,0.0,0.0,0.0,0.0,0.0,0.0
165,8075,2129,Exact,25,25,40401,1003,3440.0,4.0,1000.0,Arrears,0.0,0.0,0.0,0.0,0.0,0.0,0.0,0.0
166,8080,2135,Exact,25,25,503,2001,1550.0,1.0,1500.0,Future payments,0.0,0.0,0.0,0.0,0.0,0.0,0.0,0.0
167,8086,2132,Exact,25,25,130406,1003,6000.0,0.0,5573.0,0,0.0,0.0,0.0,0.0,0.0,0.0,0.0,780.0
168,8088,2121,Exact,25,25,82100,1001,6000.0,4.0,2538.0,Arrears & Future payments,0.0,0.0,0.0,0.0,0.0,0.0,0.0,0.0
169,8096,2119,Exact,25,25,81500,2004,3494.0,3.0,3512.0,Arrears,0.0,0.0,0.0,0.0,0.0,0.0,0.0,0.0
170,8100,2131,Exact,25,25,110501,2002,3700.0,1.0,1850.0,Arrears & Future payments,0.0,0.0,0.0,0.0,0.0,0.0,0.0,1068.0
171,8104,2115,Exact,25,25,81001,4000,4000.0,3.0,1281.0,Arrears & Future payments,0.0,0.0,0.0,0.0,0.0,0.0,0.0,0.0
172,8106,2122,Exact,25,25,92101,5001,4200.0,0.0,0.0,0,100.0,0.0,0.0,0.0,0.0,0.0,0.0,0.0
173,8112,2136,Exact,25,25,140300,1003,4000.0,3.0,2748.0,0,0.0,0.0,0.0,0.0,0.0,0.0,0.0,0.0
174,8137,2136,Exact,25,25,140300,2008,3000.0,0.0,3000.0,0,0.0,0.0,0.0,0.0,0.0,0.0,0.0,0.0
175,8156,2128,Exact,25,25,50901,3006,4000.0,3.0,0.0,Arrears & Future payments,0.0,1586.0,0.0,0.0,0.0,0.0,0.0,0.0
176,8162,2111,Exact,25,25,70103,1001,4170.0,3.0,0.0,Arrears & Future payments,0.0,0.0,0.0,0.0,0.0,0.0,0.0,0.0
177,8168,2131,Exact,25,25,110301,2015,6000.0,4.0,3300.0,Arrears & Future payments,0.0,0.0,0.0,0.0,0.0,0.0,0.0,0.0
178,8170,2118,Exact,25,25,70402,1010,0.0,0.0,0.0,0,0.0,0.0,0.0,0.0,0.0,0.0,0.0,0.0
179,8174,2122,Exact,25,25,91600,2005,4200.0,3.0,1400.0,Arrears & Future payments,0.0,1204.0,0.0,0.0,0.0,0.0,0.0,1056.0
180,8180,2111,Exact,25,25,70202,2002,6000.0,0.0,8020.0,Arrears,0.0,899.0,0.0,0.0,0.0,0.0,0.0,0.0
181,8182,2121,Exact,25,25,90300,2005,6000.0,3.0,4800.0,Arrears,0.0,0.0,0.0,0.0,0.0,320.0,0.0,0.0
182,8187,2124,Exact,25,25,100500,3006,6000.0,0.0,8800.0,0,0.0,784.0,0.0,0.0,0.0,0.0,0.0,0.0
183,8198,2128,Exact,25,25,50700,1003,5600.0,2.0,5600.0,Arrears,1200.0,0.0,0.0,0.0,0.0,0.0,0.0,0.0
184,8223,2111,Exact,25,25,70103,1001,2415.0,3.0,1895.0,0,0.0,884.0,0.0,0.0,0.0,0.0,0.0,0.0
185,8225,2215,Exact,25,25,10104,3002,6000.0,1.0,4250.0,Arrears & Future payments,0.0,0.0,0.0,0.0,0.0,0.0,0.0,800.0
186,8231,2127,Exact,25,25,60601,1000,5272.0,4.0,3954.0,Arrears & Future payments,0.0,0.0,0.0,0.0,0.0,0.0,0.0,0.0
187,8238,2128,Exact,25,25,50200,3000,6000.0,6.0,4710.0,Arrears,300.0,0.0,0.0,0.0,0.0,0.0,0.0,0.0
188,8244,2118,Exact,25,25,70402,1010,4000.0,3.0,1125.0,0,0.0,2124.0,0.0,0.0,0.0,0.0,0.0,0.0
189,8248,2128,Exact,25,25,50600,2007,6000.0,1.0,4000.0,Arrears & Future payments,2400.0,0.0,0.0,0.0,0.0,0.0,0.0,0.0
190,8261,2126,Exact,25,25,101002,2019,2040.0,2.0,5000.0,Arrears,0.0,0.0,0.0,0.0,0.0,0.0,0.0,0.0
191,8283,2125,Exact,25,25,91001,1004,6000.0,1.0,6500.0,Arrears,0.0,0.0,0.0,0.0,0.0,0.0,0.0,0.0
192,8300,2126,Exact,25,25,101101,1001,6000.0,0.0,10800.0,Arrears,0.0,1464.0,0.0,0.0,0.0,0.0,0.0,0.0
193,8321,2125,Exact,25,25,91100,5003,4000.0,0.0,3900.0,Arrears,0.0,3900.0,0.0,0.0,0.0,0.0,0.0,0.0
194,8327,2128,Exact,25,25,50700,3005,6000.0,0.0,7500.0,Arrears,0.0,2068.0,0.0,0.0,0.0,0.0,0.0,0.0
195,8337,2125,Exact,25,25,91400,1001,6000.0,4.0,4000.0,Arrears,0.0,0.0,0.0,0.0,0.0,0.0,0.0,0.0
196,8339,2125,Exact,25,25,90700,1008,4000.0,2.0,2800.0,Arrears & Future payments,0.0,0.0,0.0,0.0,0.0,0.0,0.0,0.0
197,8356,2132,Exact,25,25,130406,2001,4000.0,0.0,2400.0,Arrears & Future payments,0.0,0.0,0.0,0.0,0.0,0.0,0.0,0.0
198,8359,2134,Exact,25,25,704,4001,3789.0,1.0,1263.0,0,0.0,0.0,0.0,0.0,0.0,0.0,0.0,0.0
199,8368,2111,Exact,25,25,70202,1005,4000.0,2.0,16239.69,0,500.0,1068.0,0.0,0.0,0.0,0.0,0.0,0.0
200,8370,2128,Exact,25,25,50300,1015,3600.0,3.0,2400.0,0,0.0,268.0,0.0,0.0,0.0,0.0,0.0,0.0
201,8377,2121,Exact,25,25,82100,3002,6000.0,1.0,5000.0,Arrears & Future payments,0.0,1408.0,0.0,0.0,0.0,0.0,0.0,0.0
202,8383,2128,Exact,25,25,50700,1001,4000.0,0.0,4900.0,Arrears,0.0,0.0,0.0,0.0,0.0,0.0,0.0,0.0
203,8393,2121,Exact,25,25,82100,1001,6000.0,0.0,7691.0,Arrears,0.0,1492.0,0.0,0.0,0.0,0.0,0.0,0.0
204,8414,2128,Exact,25,25,50700,2001,4000.0,3.0,4200.0,0,1050.0,0.0,0.0,0.0,0.0,0.0,0.0,0.0
205,8426,2111,Exact,25,25,70103,1001,6000.0,2.0,5079.0,Arrears & Future payments,0.0,0.0,0.0,0.0,0.0,410.0,0.0,501.0
206,8440,2130,Exact,25,25,81200,2000,6000.0,3.0,1558.0,Arrears & Future payments,0.0,0.0,0.0,0.0,0.0,0.0,0.0,0.0
207,8448,2125,Exact,25,25,91200,3001,6000.0,0.0,8600.0,Arrears,0.0,2481.0,0.0,0.0,0.0,0.0,0.0,0.0
208,8454,2136,Exact,25,25,140202,1004,5200.0,4.0,600.0,Arrears & Future payments,0.0,400.0,0.0,0.0,0.0,0.0,0.0,0.0
209,8458,2125,Exact,25,25,91100,4002,0.0,0.0,1800.0,0,0.0,0.0,0.0,0.0,800.0,0.0,0.0,0.0
210,8467,2128,Exact,25,25,50101,3005,4800.0,3.0,1800.0,Arrears,0.0,0.0,0.0,0.0,0.0,0.0,0.0,0.0
211,8471,2128,Exact,25,25,50700,1002,5273.0,6.0,3473.0,Arrears,0.0,0.0,0.0,0.0,0.0,0.0,0.0,0.0
212,8486,2130,Exact,25,25,81200,2000,5498.0,4.0,2800.0,Arrears & Future payments,0.0,0.0,0.0,0.0,0.0,0.0,0.0,0.0
213,8492,2114,Exact,25,25,20304,1008,3375.0,3.0,0.0,Arrears & Future payments,0.0,1616.0,0.0,0.0,0.0,0.0,0.0,0.0
214,8500,2124,Exact,25,25,92400,4000,4000.0,0.0,1519.0,Arrears & Future payments,0.0,2163.0,0.0,0.0,0.0,0.0,0.0,0.0
215,8502,2130,Exact,25,25,120400,5010,850.0,1.0,2000.0,Future payments,0.0,1000.0,0.0,0.0,0.0,0.0,0.0,0.0
216,8503,2125,Exact,25,25,91100,3004,6000.0,3.0,1800.0,Future payments,0.0,1080.0,0.0,0.0,0.0,0.0,0.0,0.0
217,8506,2111,Exact,25,25,70202,1000,3483.0,3.0,0.0,Arrears,0.0,1420.0,0.0,0.0,0.0,0.0,0.0,0.0
218,8507,2111,Exact,25,25,70202,1000,969.0,1.0,0.0,Future payments,0.0,1648.0,0.0,473.0,0.0,0.0,0.0,0.0
219,8508,2121,Exact,25,25,81900,4010,4800.0,4.0,3600.0,Arrears & Future payments,0.0,0.0,0.0,0.0,0.0,0.0,0.0,0.0
220,8510,2122,Exact,25,25,91700,1003,5250.0,3.0,1750.0,Arrears,0.0,0.0,0.0,0.0,0.0,0.0,0.0,0.0
221,8511,2122,Exact,25,25,91700,1003,4000.0,2.0,3932.0,Arrears,0.0,800.0,0.0,0.0,0.0,0.0,0.0,0.0
222,8515,2122,Exact,25,25,91500,2009,4000.0,2.0,3800.0,0,0.0,0.0,200.0,0.0,0.0,0.0,0.0,0.0
223,8517,2113,Exact,25,25,30200,1003,6000.0,3.0,6322.9,Arrears,0.0,0.0,0.0,0.0,0.0,0.0,0.0,0.0
224,8521,2215,Exact,25,25,10205,2001,2900.0,1.0,0.0,Arrears,0.0,0.0,0.0,0.0,0.0,0.0,0.0,0.0
225,8522,2121,Exact,25,25,90200,3000,4200.0,0.0,0.0,Arrears,0.0,1040.0,0.0,0.0,0.0,0.0,0.0,0.0
226,8526,2122,Exact,25,25,100603,2005,3800.0,2.0,3800.0,Arrears,0.0,1200.0,0.0,0.0,0.0,0.0,0.0,0.0
227,8527,2125,Exact,25,25,91800,2004,4000.0,1.0,3000.0,Arrears & Future payments,0.0,1048.0,0.0,0.0,0.0,0.0,0.0,0.0
228,8528,2135,Exact,25,25,604,2003,4000.0,2.0,0.0,Arrears & Future payments,0.0,0.0,0.0,0.0,0.0,0.0,0.0,0.0
229,8529,2136,Exact,25,25,140300,5007,6000.0,3.0,4120.0,0,0.0,0.0,0.0,0.0,0.0,0.0,0.0,0.0
230,8530,2136,Exact,25,25,140300,5007,1966.0,1.0,1966.0,Arrears,0.0,0.0,0.0,0.0,0.0,0.0,0.0,0.0
231,8536,2122,Exact,25,25,92101,1007,2525.0,0.0,1225.0,0,0.0,0.0,0.0,0.0,0.0,0.0,0.0,0.0
232,8537,2128,Exact,25,25,51101,1004,6000.0,0.0,4000.0,Arrears & Future payments,1200.0,0.0,0.0,0.0,0.0,0.0,0.0,0.0
233,8538,2128,Exact,25,25,51101,1004,4000.0,3.0,4000.0,Arrears,0.0,0.0,0.0,0.0,0.0,0.0,0.0,0.0
234,8542,2128,Exact,25,25,50700,3005,5200.0,4.0,5200.0,Arrears,1516.0,0.0,0.0,0.0,0.0,0.0,0.0,0.0
235,8544,2136,Exact,25,25,140107,1019,0.0,0.0,4300.0,0,0.0,0.0,0.0,0.0,0.0,0.0,0.0,0.0
236,8545,2131,Exact,25,25,110301,1002,6000.0,4.0,4800.0,Arrears,0.0,0.0,0.0,0.0,0.0,0.0,0.0,0.0
237,8550,2127,Exact,25,25,61201,1014,3960.0,4.0,3600.0,0,0.0,700.0,0.0,0.0,0.0,0.0,0.0,0.0
238,8552,2122,Exact,25,25,92101,5002,0.0,0.0,6000.0,0,0.0,0.0,0.0,0.0,0.0,0.0,0.0,0.0
239,8553,2124,Exact,25,25,100500,2006,3150.0,0.0,3150.0,Arrears,0.0,0.0,0.0,0.0,0.0,0.0,0.0,0.0
240,8554,2136,Exact,25,25,140300,1003,6000.0,4.0,5685.0,Arrears,0.0,0.0,0.0,0.0,0.0,0.0,0.0,0.0
241,8555,2136,Exact,25,25,140300,1003,4000.0,2.0,2266.0,0,0.0,0.0,0.0,0.0,0.0,0.0,0.0,0.0
242,8556,2111,Exact,25,25,70202,1002,3900.0,3.0,0.0,Future payments,0.0,552.0,0.0,0.0,0.0,0.0,0.0,0.0
243,8558,2125,Exact,25,25,90400,2000,3800.0,1.0,1900.0,Arrears & Future payments,0.0,0.0,0.0,0.0,0.0,0.0,0.0,0.0
244,8561,2136,Exact,25,25,140300,1006,4000.0,4.0,105.0,0,0.0,190.0,0.0,0.0,0.0,0.0,0.0,0.0
245,8562,2128,Exact,25,25,51101,1004,6000.0,0.0,4000.0,Arrears & Future payments,0.0,0.0,0.0,0.0,0.0,0.0,0.0,0.0
246,8568,2134,Exact,25,25,703,1009,6000.0,4.0,6674.43,Arrears,0.0,0.0,0.0,0.0,0.0,0.0,0.0,0.0
247,8569,2128,Exact,25,25,51101,1004,6000.0,3.0,15435.0,Arrears,0.0,3592.0,0.0,0.0,0.0,0.0,0.0,0.0
248,8570,2134,Exact,25,25,703,1009,4000.0,3.0,0.0,Future payments,0.0,0.0,0.0,0.0,0.0,0.0,0.0,0.0
249,8571,2121,Exact,25,25,90200,3001,6000.0,0.0,7850.0,Arrears,0.0,0.0,0.0,0.0,0.0,0.0,0.0,0.0
250,8573,2136,Exact,25,25,140105,1016,6000.0,0.0,5700.0,0,0.0,2268.0,0.0,0.0,0.0,0.0,0.0,0.0
251,8574,2128,Exact,25,25,50200,1005,4000.0,3.0,1700.0,Arrears & Future payments,0.0,1500.0,0.0,0.0,0.0,0.0,0.0,0.0
252,8576,2124,Exact,25,25,100800,1000,6000.0,2.0,8700.0,0,0.0,0.0,0.0,0.0,0.0,0.0,0.0,0.0
253,8581,2128,Exact,25,25,51101,3012,6000.0,2.0,10000.0,Arrears,0.0,0.0,0.0,0.0,0.0,0.0,0.0,0.0
254,8583,2215,Exact,25,25,10206,2005,0.0,0.0,1701.62,0,0.0,0.0,0.0,1200.0,0.0,0.0,0.0,0.0
255,8584,2128,Exact,25,25,51101,3012,4000.0,0.0,5100.0,0,0.0,1268.0,0.0,0.0,0.0,0.0,0.0,0.0
256,8585,2124,Exact,25,25,92400,5000,4000.0,0.0,5550.0,0,0.0,7080.0,0.0,0.0,0.0,0.0,0.0,0.0
257,8586,2121,Exact,25,25,82000,1001,4400.0,2.0,4400.0,0,0.0,1068.0,0.0,0.0,0.0,0.0,0.0,0.0
258,8587,2121,Exact,25,25,82000,1001,6000.0,0.0,6600.0,0,0.0,0.0,0.0,0.0,0.0,0.0,0.0,0.0
259,8588,2122,Exact,25,25,100603,1010,3105.0,3.0,2070.0,Arrears,0.0,896.0,0.0,0.0,0.0,0.0,0.0,0.0
260,8592,2128,Exact,25,25,50700,2004,6000.0,0.0,11000.0,Arrears,0.0,0.0,0.0,0.0,0.0,0.0,0.0,0.0
261,8593,2124,Exact,25,25,100500,1001,5350.0,3.0,3225.0,Arrears,0.0,0.0,0.0,0.0,0.0,0.0,0.0,0.0
262,8597,2124,Exact,25,25,100300,3000,6000.0,4.0,6000.0,Arrears,0.0,0.0,0.0,0.0,0.0,1000.0,0.0,400.0
263,8598,2128,Exact,25,25,50300,3002,0.0,0.0,580.0,0,0.0,0.0,0.0,0.0,0.0,0.0,0.0,0.0
264,8601,2135,Exact,25,25,302,1003,3700.0,4.0,925.0,Arrears & Future payments,0.0,2568.0,0.0,0.0,0.0,0.0,0.0,0.0
265,8602,2134,Exact,25,25,704,3000,3475.0,0.0,2850.0,0,0.0,244.0,0.0,0.0,0.0,0.0,0.0,0.0
266,8606,2128,Exact,25,25,50600,1001,5600.0,3.0,4400.0,Arrears & Future payments,0.0,0.0,0.0,0.0,0.0,0.0,0.0,580.0
267,8610,2122,Exact,25,25,100601,1001,4800.0,3.0,2900.0,Arrears & Future payments,0.0,0.0,0.0,0.0,0.0,0.0,0.0,0.0
268,8615,2128,Exact,25,25,51000,1007,6000.0,0.0,5250.0,Arrears & Future payments,0.0,0.0,0.0,0.0,0.0,0.0,0.0,0.0
269,8616,2215,Exact,25,25,10206,1003,4000.0,3.0,0.0,Arrears & Future payments,0.0,0.0,0.0,0.0,0.0,0.0,0.0,0.0
270,8619,2128,Exact,25,25,50300,1009,3400.0,2.0,300.0,Future payments,0.0,0.0,0.0,0.0,0.0,0.0,0.0,0.0
271,8621,2108,Exact,25,25,30302,1046,6000.0,3.0,19400.0,0,0.0,1068.0,0.0,610.0,0.0,0.0,0.0,0.0
272,8622,2108,Exact,25,25,30302,1046,6000.0,4.0,12980.0,0,980.0,2136.0,0.0,627.0,0.0,0.0,0.0,0.0
273,8623,2116,Exact,25,25,70700,1008,4000.0,1.0,3756.0,Arrears & Future payments,0.0,1144.0,0.0,0.0,0.0,0.0,0.0,0.0
274,8630,2124,Exact,25,25,92300,3007,6000.0,0.0,9000.0,0,0.0,0.0,0.0,0.0,0.0,0.0,0.0,0.0
275,8632,2135,Exact,25,25,502,1002,2550.0,3.0,850.0,Arrears & Future payments,0.0,530.0,0.0,0.0,0.0,0.0,0.0,0.0
276,8633,2128,Exact,25,25,51200,2001,4500.0,3.0,3000.0,Arrears,0.0,0.0,0.0,0.0,0.0,0.0,0.0,0.0
277,8637,2121,Exact,25,25,91900,2000,3300.0,1.0,1800.0,Arrears & Future payments,0.0,920.0,0.0,0.0,0.0,0.0,0.0,0.0
278,8640,2121,Exact,25,25,81900,3000,4000.0,3.0,1112.0,Arrears & Future payments,0.0,0.0,0.0,0.0,428.0,0.0,0.0,0.0
279,8644,2125,Exact,25,25,91500,2007,4000.0,3.0,0.0,0,0.0,0.0,0.0,0.0,0.0,500.0,0.0,0.0
280,8647,2119,Exact,25,25,81400,3000,3675.0,1.0,2525.0,Arrears & Future payments,0.0,800.0,0.0,0.0,0.0,0.0,0.0,0.0
281,8649,2128,Exact,25,25,50101,3003,4000.0,3.0,1550.0,0,0.0,2679.0,0.0,0.0,0.0,0.0,0.0,0.0
282,8651,2126,Exact,25,25,101102,1006,6000.0,0.0,4000.0,Arrears,0.0,0.0,0.0,0.0,0.0,0.0,0.0,0.0
283,8652,2125,Exact,25,25,91500,2004,6000.0,0.0,10000.0,Arrears,0.0,0.0,0.0,0.0,0.0,0.0,0.0,0.0
284,8657,2135,Exact,25,25,604,1005,6000.0,5.0,6000.0,Arrears,0.0,0.0,0.0,0.0,0.0,0.0,0.0,0.0
285,8661,2119,Exact,25,25,81800,1000,4000.0,0.0,2700.0,0,0.0,0.0,0.0,0.0,0.0,0.0,0.0,0.0
286,8662,2126,Exact,25,25,101102,3004,3300.0,3.0,1100.0,Arrears & Future payments,0.0,1350.0,0.0,0.0,0.0,0.0,0.0,0.0
287,8663,2126,Exact,25,25,101102,3004,0.0,0.0,3600.0,0,0.0,1148.0,0.0,0.0,0.0,0.0,0.0,0.0
288,8664,2130,Exact,25,25,120301,4001,6000.0,0.0,4000.0,0,0.0,0.0,0.0,0.0,0.0,0.0,0.0,0.0
289,8665,2114,Exact,25,25,20101,2000,0.0,0.0,6749.61,0,0.0,0.0,0.0,0.0,0.0,0.0,0.0,600.0
290,8666,2128,Exact,25,25,50200,4001,4000.0,1.0,1750.0,Arrears & Future payments,0.0,2214.0,0.0,0.0,0.0,0.0,0.0,0.0
291,8667,2124,Exact,25,25,100100,7000,6000.0,0.0,6000.0,0,0.0,0.0,0.0,0.0,0.0,1012.0,0.0,0.0
292,8670,2115,Exact,25,25,10404,2002,2937.0,2.0,2503.0,0,0.0,0.0,0.0,0.0,0.0,0.0,0.0,0.0
293,8674,2115,Exact,25,25,10404,2002,4000.0,3.0,1046.0,Arrears & Future payments,0.0,2000.0,0.0,0.0,0.0,0.0,0.0,0.0
294,8675,2115,Exact,25,25,10404,2002,1448.0,2.0,1448.0,Arrears,0.0,0.0,0.0,0.0,0.0,0.0,0.0,0.0
295,8677,2128,Exact,25,25,50200,2000,5100.0,3.0,0.0,Arrears & Future payments,0.0,0.0,0.0,0.0,0.0,0.0,0.0,0.0
296,8678,2128,Exact,25,25,50200,3001,5400.0,3.0,5400.0,0,0.0,0.0,0.0,0.0,0.0,0.0,0.0,0.0
297,8679,2131,Exact,25,25,110403,1001,0.0,0.0,3325.0,0,0.0,0.0,0.0,0.0,0.0,0.0,0.0,803.0
298,8680,2131,Exact,25,25,140105,1002,6000.0,1.0,1550.0,Arrears & Future payments,0.0,0.0,0.0,0.0,0.0,0.0,0.0,0.0
299,8681,2132,Exact,25,25,130404,1002,4000.0,3.0,1800.0,Future payments,0.0,1793.0,0.0,0.0,0.0,0.0,0.0,0.0
300,8682,2135,Exact,25,25,505,2003,6000.0,3.0,6115.41,0,600.0,0.0,0.0,0.0,0.0,0.0,0.0,0.0
301,8685,2121,Exact,25,25,90100,3004,3600.0,3.0,3230.0,Arrears,0.0,0.0,0.0,0.0,0.0,0.0,0.0,0.0
302,8686,2135,Exact,25,25,505,2000,6000.0,6.0,4000.0,Arrears & Future payments,0.0,0.0,0.0,0.0,0.0,0.0,0.0,85.0
303,8688,2134,Exact,25,25,804,1016,4200.0,2.0,0.0,Future payments,0.0,0.0,0.0,0.0,0.0,0.0,0.0,0.0
304,8689,2124,Exact,25,25,100500,1002,6000.0,4.0,3660.0,Arrears & Future payments,0.0,0.0,0.0,0.0,490.0,0.0,0.0,0.0
305,8690,2135,Exact,25,25,102,2028,6000.0,0.0,6600.0,0,0.0,0.0,0.0,0.0,0.0,0.0,0.0,0.0
306,8691,2128,Exact,25,25,50600,2000,6000.0,3.0,6000.0,Arrears,0.0,0.0,0.0,0.0,0.0,0.0,0.0,0.0
307,8693,2119,Exact,25,25,81400,2012,4000.0,5.0,1900.0,Arrears & Future payments,0.0,0.0,0.0,0.0,0.0,0.0,0.0,0.0
308,8694,2128,Exact,25,25,50700,2004,3600.0,3.0,3600.0,Arrears & Future payments,0.0,1008.0,0.0,0.0,0.0,0.0,0.0,0.0
309,8698,2128,Exact,25,25,51101,3012,6000.0,0.0,10000.0,Arrears,0.0,1388.0,0.0,0.0,0.0,0.0,0.0,0.0
310,8703,2124,Exact,25,25,100100,5004,6000.0,3.0,6000.0,Arrears,0.0,556.0,0.0,0.0,0.0,0.0,0.0,0.0
311,8704,2109,Exact,25,25,30500,3000,0.0,0.0,0.0,0,0.0,0.0,0.0,0.0,0.0,0.0,0.0,0.0
312,8706,2135,Exact,25,25,301,3002,3000.0,3.0,750.0,Arrears & Future payments,0.0,512.0,0.0,0.0,0.0,0.0,0.0,0.0
313,8709,2130,Exact,25,25,110105,1004,6000.0,3.0,5100.0,Arrears,0.0,748.0,0.0,0.0,0.0,0.0,0.0,0.0
314,8710,2127,Exact,25,25,60101,1001,6000.0,5.0,3600.0,Arrears,0.0,900.0,0.0,0.0,0.0,0.0,0.0,0.0
315,8712,2128,Exact,25,25,51101,4004,0.0,0.0,7420.0,0,0.0,1831.0,0.0,0.0,0.0,0.0,0.0,0.0
316,8713,2121,Exact,25,25,90200,3001,6000.0,3.0,5200.0,0,0.0,1200.0,0.0,0.0,0.0,0.0,0.0,0.0
317,8715,2128,Exact,25,25,50700,2001,4000.0,2.0,4000.0,Arrears & Future payments,0.0,0.0,0.0,0.0,0.0,0.0,0.0,0.0
318,8716,2135,Exact,25,25,603,1005,4312.0,0.0,3002.0,0,0.0,100.0,0.0,0.0,0.0,0.0,0.0,0.0
319,8718,2135,Exact,25,25,506,1003,6000.0,0.0,4956.0,0,0.0,0.0,0.0,1661.0,0.0,0.0,0.0,0.0
320,8719,2135,Exact,25,25,506,1003,5625.0,3.0,3750.0,0,0.0,0.0,0.0,0.0,0.0,0.0,0.0,0.0
321,8720,2122,Exact,25,25,92200,2000,3292.0,3.0,850.0,Arrears & Future payments,0.0,0.0,0.0,0.0,1588.0,0.0,0.0,0.0
322,8721,2122,Exact,25,25,91700,1005,4600.0,4.0,0.0,0,0.0,0.0,0.0,0.0,0.0,0.0,0.0,0.0
323,8723,2128,Exact,25,25,50700,1003,6000.0,1.0,6800.0,Arrears,0.0,0.0,0.0,0.0,0.0,0.0,0.0,0.0
324,8724,2126,Exact,25,25,101001,2005,6000.0,1.0,4950.0,Arrears & Future payments,0.0,0.0,0.0,0.0,0.0,0.0,0.0,0.0
325,8725,2120,Exact,25,25,81400,4005,3879.0,4.0,2800.0,Arrears & Future payments,0.0,1800.0,0.0,0.0,0.0,0.0,0.0,0.0
326,8728,2124,Exact,25,25,100800,6012,6000.0,2.0,4125.0,Arrears & Future payments,0.0,0.0,0.0,1486.0,0.0,0.0,0.0,0.0
327,8731,2119,Exact,25,25,81700,3008,6000.0,0.0,2900.0,Arrears,0.0,1132.0,0.0,0.0,0.0,0.0,0.0,0.0
328,8732,2124,Exact,25,25,100500,4000,6000.0,3.0,6590.0,Arrears,0.0,0.0,0.0,0.0,0.0,0.0,0.0,0.0
329,8734,2122,Exact,25,25,91600,2002,6000.0,0.0,18500.0,0,0.0,560.0,0.0,0.0,0.0,0.0,0.0,0.0
330,8736,2131,Exact,25,25,140106,1001,6000.0,0.0,9044.0,Arrears,0.0,1806.0,0.0,0.0,0.0,0.0,0.0,0.0
331,8739,2124,Exact,25,25,100400,1000,4200.0,3.0,0.0,Arrears & Future payments,0.0,980.0,0.0,0.0,0.0,0.0,0.0,0.0
332,8744,2115,Exact,25,25,10500,2003,4000.0,1.0,3590.0,Arrears & Future payments,0.0,1148.0,0.0,0.0,596.0,0.0,0.0,0.0
333,8746,2130,Exact,25,25,120301,2003,4000.0,2.0,0.0,Future payments,0.0,0.0,0.0,0.0,300.0,0.0,0.0,0.0
334,8747,2135,Exact,25,25,102,2008,6000.0,0.0,4000.0,0,0.0,0.0,0.0,0.0,0.0,0.0,0.0,0.0
335,8750,2122,Exact,25,25,100601,2004,2500.0,3.0,5800.0,Arrears,0.0,889.0,0.0,0.0,0.0,0.0,0.0,0.0
336,8752,2121,Exact,25,25,90400,2014,6000.0,4.0,12000.0,Arrears,0.0,0.0,0.0,0.0,0.0,0.0,0.0,1900.0
337,8754,2136,Exact,25,25,140201,2010,4500.0,0.0,3600.0,Arrears,500.0,0.0,0.0,0.0,0.0,0.0,0.0,0.0
338,8755,2128,Exact,25,25,51000,1008,2740.0,2.0,995.0,0,0.0,1460.0,0.0,0.0,0.0,0.0,0.0,0.0
339,8758,2125,Exact,25,25,90400,2008,6000.0,0.0,6600.0,0,0.0,267.0,0.0,0.0,0.0,0.0,0.0,0.0
340,8759,2128,Exact,25,25,50700,1001,6000.0,2.0,4800.0,Arrears & Future payments,0.0,0.0,0.0,0.0,0.0,0.0,0.0,0.0
341,8761,2128,Exact,25,25,50200,4001,4000.0,2.0,3500.0,Arrears & Future payments,0.0,0.0,0.0,0.0,0.0,0.0,0.0,0.0
342,8762,2128,Exact,25,25,51101,2003,6000.0,4.0,4500.0,0,0.0,0.0,0.0,0.0,0.0,0.0,0.0,680.0
343,8763,2130,Exact,25,25,120201,2004,4259.0,0.0,3036.0,0,0.0,0.0,0.0,0.0,0.0,0.0,0.0,0.0
344,8765,2135,Exact,25,25,503,2006,4000.0,2.0,1825.0,Arrears & Future payments,0.0,0.0,0.0,0.0,0.0,0.0,0.0,0.0
345,8768,2128,Exact,25,25,51000,1022,6000.0,3.0,4250.0,Arrears,0.0,0.0,0.0,0.0,0.0,0.0,0.0,0.0
346,8771,2135,Exact,25,25,301,3005,3468.0,3.0,867.0,Arrears & Future payments,0.0,3951.0,0.0,0.0,0.0,0.0,0.0,0.0
347,8772,2122,Exact,25,25,92101,5009,2200.0,1.0,0.0,Future payments,0.0,0.0,0.0,0.0,0.0,0.0,0.0,0.0
348,8773,2126,Exact,25,25,101102,2007,6000.0,2.0,4000.0,Arrears & Future payments,0.0,0.0,0.0,0.0,0.0,356.0,0.0,0.0
349,8775,2124,Exact,25,25,100500,2007,3400.0,3.0,850.0,Arrears & Future payments,0.0,1767.0,0.0,0.0,0.0,0.0,0.0,0.0
350,8776,2121,Exact,25,25,90100,5002,3400.0,0.0,3400.0,0,0.0,0.0,0.0,0.0,0.0,0.0,0.0,0.0
351,8777,2125,Exact,25,25,91100,5001,4200.0,6.0,4200.0,0,0.0,0.0,0.0,0.0,0.0,0.0,0.0,0.0
352,8778,2129,Exact,25,25,40401,1003,3362.0,3.0,3600.0,0,0.0,0.0,0.0,0.0,0.0,0.0,0.0,0.0
353,8780,2124,Exact,25,25,100300,3005,6000.0,4.0,11550.0,Arrears,0.0,0.0,0.0,0.0,0.0,0.0,0.0,0.0
354,8784,2124,Exact,25,25,100800,6002,6000.0,0.0,4128.0,0,0.0,2036.0,0.0,0.0,0.0,0.0,0.0,0.0
355,8787,2128,Exact,25,25,51200,2003,3262.5,3.0,3264.0,Arrears,0.0,0.0,0.0,0.0,0.0,0.0,0.0,0.0
356,8790,2124,Exact,25,25,100800,6002,4000.0,1.0,3669.0,Arrears & Future payments,0.0,761.0,0.0,0.0,0.0,0.0,0.0,0.0
357,8792,2128,Exact,25,25,50901,2003,6000.0,1.0,4800.0,Arrears & Future payments,0.0,0.0,0.0,0.0,0.0,0.0,0.0,0.0
358,8793,2124,Exact,25,25,100400,2000,4000.0,3.0,5504.0,0,0.0,1068.0,0.0,0.0,0.0,0.0,0.0,0.0
359,8794,2124,Exact,25,25,100400,2000,6000.0,0.0,9443.0,Arrears,0.0,0.0,0.0,0.0,0.0,0.0,0.0,0.0
360,8795,2124,Exact,25,25,100400,2000,3282.0,3.0,0.0,0,0.0,1364.0,0.0,0.0,0.0,0.0,0.0,0.0
361,8797,2128,Exact,25,25,50700,1001,4500.0,3.0,3000.0,Arrears,0.0,0.0,0.0,0.0,0.0,0.0,0.0,0.0
362,8803,2108,Exact,25,25,20101,1005,0.0,0.0,9625.0,0,3500.0,600.0,0.0,0.0,0.0,0.0,0.0,0.0
363,8805,2122,Exact,25,25,91700,2005,6000.0,3.0,6600.0,Arrears,1000.0,1120.0,0.0,0.0,0.0,0.0,0.0,0.0
364,8806,2122,Exact,25,25,92101,5001,1200.0,1.0,0.0,Future payments,0.0,0.0,0.0,0.0,0.0,0.0,0.0,0.0
365,8807,2125,Exact,25,25,91800,1002,2600.0,3.0,650.0,0,0.0,0.0,0.0,0.0,0.0,0.0,0.0,0.0
366,8809,2126,Exact,25,25,101102,4005,6000.0,0.0,3600.0,Arrears,0.0,1600.0,0.0,0.0,0.0,0.0,0.0,0.0
367,8812,2113,Exact,25,25,30100,2004,2635.0,2.0,0.0,Arrears & Future payments,2200.0,0.0,0.0,0.0,0.0,0.0,0.0,0.0
368,8813,2131,Exact,25,25,110401,1002,6000.0,1.0,5200.0,Arrears & Future payments,0.0,0.0,0.0,0.0,0.0,0.0,0.0,0.0
369,8814,2136,Exact,25,25,140400,1000,1520.0,1.0,490.0,Future payments,0.0,0.0,0.0,0.0,0.0,0.0,0.0,0.0
370,8815,2124,Exact,25,25,92400,5003,4000.0,2.0,4045.0,0,0.0,0.0,0.0,0.0,0.0,0.0,0.0,0.0
371,8816,2124,Exact,25,25,92400,5003,3600.0,0.0,3400.0,0,0.0,1096.0,0.0,0.0,0.0,0.0,0.0,0.0
372,8817,2124,Exact,25,25,92400,5003,3900.0,0.0,4000.0,Arrears & Future payments,0.0,0.0,0.0,0.0,0.0,0.0,0.0,0.0
373,8820,2215,Exact,25,25,10205,3000,4476.0,3.0,0.0,Future payments,0.0,1792.0,0.0,0.0,0.0,0.0,0.0,0.0
374,8821,2128,Exact,25,25,50700,2002,5392.0,4.0,3.0,Arrears & Future payments,0.0,0.0,0.0,0.0,0.0,0.0,0.0,2000.0
375,8822,2130,Exact,25,25,81101,2000,3375.0,3.0,170.0,Arrears & Future payments,0.0,0.0,0.0,0.0,0.0,0.0,0.0,0.0
376,8823,2119,Exact,25,25,81800,1001,4576.0,4.0,2288.0,Arrears & Future payments,0.0,1444.0,0.0,0.0,0.0,0.0,0.0,0.0
377,8824,2119,Exact,25,25,81800,1001,6000.0,0.0,7663.91,Arrears,0.0,1479.0,0.0,0.0,0.0,0.0,0.0,0.0
378,8825,2122,Exact,25,25,92000,1004,4000.0,1.0,2100.0,Arrears & Future payments,0.0,1720.0,0.0,0.0,0.0,0.0,0.0,0.0
379,8827,2116,Exact,25,25,10801,3003,2190.0,1.0,2190.0,Future payments,0.0,0.0,0.0,0.0,0.0,0.0,0.0,0.0
380,8829,2128,Exact,25,25,50700,3003,4000.0,0.0,1595.0,Arrears & Future payments,0.0,0.0,0.0,0.0,0.0,0.0,0.0,0.0
381,8837,2128,Exact,25,25,50700,1002,6000.0,3.0,5850.0,Arrears,0.0,0.0,0.0,0.0,0.0,0.0,0.0,0.0
382,8839,2130,Exact,25,25,120201,1003,2395.0,1.0,0.0,Arrears,0.0,0.0,0.0,0.0,0.0,0.0,0.0,0.0
383,8840,2128,Exact,25,25,50200,3001,6000.0,2.0,4500.0,Arrears & Future payments,0.0,0.0,0.0,0.0,0.0,500.0,0.0,0.0
384,8842,2128,Exact,25,25,50901,3007,5900.0,3.0,4100.0,Arrears,0.0,0.0,0.0,0.0,0.0,0.0,0.0,0.0
385,8844,2118,Exact,25,25,71201,2002,2200.0,2.0,0.0,Future payments,0.0,1400.0,0.0,0.0,0.0,0.0,0.0,0.0
386,8845,2128,Exact,25,25,51101,2003,6000.0,3.0,9800.0,Arrears,800.0,0.0,0.0,0.0,0.0,0.0,0.0,0.0
387,8848,2119,Exact,25,25,81700,3008,400.0,3.0,2300.0,Future payments,1400.0,0.0,0.0,0.0,0.0,0.0,0.0,0.0
388,8851,2126,Exact,25,25,101001,4004,1801.0,1.0,0.0,Future payments,0.0,0.0,0.0,0.0,0.0,0.0,0.0,0.0
389,8852,2124,Exact,25,25,100601,4000,6000.0,0.0,5000.0,0,0.0,0.0,0.0,0.0,0.0,0.0,0.0,0.0
390,8855,2128,Exact,25,25,50901,3007,6000.0,5.0,10800.0,Arrears,0.0,0.0,0.0,0.0,0.0,0.0,0.0,0.0
391,8856,2119,Exact,25,25,81500,2000,4500.0,3.0,3000.0,Arrears,0.0,0.0,0.0,0.0,0.0,0.0,0.0,0.0
392,8859,2119,Exact,25,25,81800,3001,3720.0,3.0,1240.0,Arrears & Future payments,1600.0,0.0,0.0,0.0,0.0,0.0,0.0,0.0
393,8861,2127,Exact,25,25,60301,2002,2850.0,3.0,3000.0,Arrears,0.0,800.0,0.0,0.0,0.0,0.0,0.0,0.0
394,8865,2128,Exact,25,25,50200,3001,4400.0,4.0,2200.0,Arrears,0.0,0.0,0.0,0.0,0.0,0.0,0.0,0.0
395,8868,2124,Exact,25,25,91900,4001,3900.0,0.0,3600.0,Arrears,0.0,0.0,0.0,0.0,0.0,0.0,0.0,0.0
396,8869,2109,Exact,25,25,30500,2006,6000.0,3.0,5250.0,Arrears & Future payments,0.0,0.0,0.0,0.0,0.0,0.0,0.0,0.0
397,8870,2126,Exact,25,25,101002,2010,2550.0,5.0,2050.0,Arrears,0.0,0.0,0.0,0.0,580.0,0.0,0.0,0.0
398,8872,2128,Exact,25,25,50400,1005,3750.0,3.0,0.0,0,0.0,1392.0,0.0,0.0,0.0,0.0,0.0,0.0
399,8873,2130,Exact,25,25,81102,2008,6000.0,0.0,8400.0,Arrears,0.0,0.0,0.0,0.0,0.0,0.0,0.0,0.0
400,8874,2128,Exact,25,25,51101,1004,4000.0,2.0,2000.0,0,0.0,1068.0,0.0,0.0,597.0,0.0,0.0,0.0
401,8876,2114,Exact,25,25,20200,1002,4000.0,0.0,4900.0,0,0.0,1400.0,0.0,0.0,0.0,0.0,0.0,0.0
402,8878,2127,Exact,25,25,60601,1008,3600.0,4.0,3800.0,Arrears,0.0,700.0,0.0,0.0,0.0,0.0,0.0,0.0
403,8884,2128,Exact,25,25,50700,3004,4000.0,0.0,1400.0,Arrears & Future payments,0.0,0.0,0.0,0.0,0.0,0.0,0.0,0.0
404,8886,2128,Exact,25,25,50901,2005,2100.0,1.0,0.0,Arrears,0.0,0.0,0.0,0.0,0.0,0.0,0.0,0.0
405,8887,2119,Exact,25,25,81800,1003,1641.0,1.0,0.0,Future payments,2500.0,1000.0,0.0,0.0,0.0,0.0,0.0,0.0
406,8888,2124,Exact,25,25,100500,4000,6000.0,0.0,6058.77,0,0.0,2940.0,0.0,0.0,0.0,0.0,0.0,0.0
407,8889,2124,Exact,25,25,100500,1005,6000.0,3.0,7646.0,Arrears,0.0,0.0,0.0,0.0,0.0,0.0,0.0,0.0
408,8890,2135,Exact,25,25,701,3010,2400.0,3.0,2400.0,0,0.0,1000.0,0.0,0.0,0.0,0.0,0.0,0.0
409,8893,2125,Exact,25,25,90700,4012,4000.0,0.0,1578.0,Arrears & Future payments,0.0,1273.0,0.0,0.0,0.0,0.0,0.0,0.0
410,8894,2125,Exact,25,25,90700,4012,6000.0,5.0,8000.0,0,0.0,0.0,0.0,0.0,0.0,0.0,0.0,0.0
411,8895,2125,Exact,25,25,90700,4012,4000.0,4.0,3754.17,Future payments,0.0,0.0,0.0,0.0,0.0,0.0,0.0,0.0
412,8896,2122,Exact,25,25,92000,1006,3400.0,2.0,0.0,Arrears,0.0,510.0,0.0,0.0,0.0,0.0,0.0,0.0
413,8897,2124,Exact,25,25,92200,3006,4000.0,0.0,4800.0,Arrears,0.0,1050.0,0.0,0.0,0.0,0.0,0.0,0.0
414,8898,2135,Exact,25,25,302,1005,4000.0,5.0,4000.0,0,0.0,1556.0,0.0,0.0,0.0,0.0,0.0,0.0
415,8902,2119,Exact,25,25,80401,2007,6000.0,5.0,6000.0,Arrears & Future payments,0.0,0.0,0.0,1151.0,0.0,0.0,0.0,0.0
416,8905,2128,Exact,25,25,50700,2002,3000.0,3.0,3000.0,Arrears,0.0,0.0,0.0,0.0,0.0,0.0,0.0,0.0
417,8907,2119,Exact,25,25,81500,2002,6000.0,0.0,7000.0,Arrears,0.0,0.0,0.0,0.0,0.0,0.0,0.0,0.0
418,8908,2128,Exact,25,25,50700,3003,4200.0,2.0,3100.0,Arrears,0.0,0.0,0.0,0.0,0.0,0.0,0.0,0.0
419,8909,2119,Exact,25,25,81400,3003,4913.0,3.0,4884.75,0,0.0,0.0,0.0,0.0,0.0,0.0,0.0,0.0
420,8910,2119,Exact,25,25,81400,3003,4000.0,2.0,4164.0,0,0.0,0.0,0.0,0.0,0.0,0.0,0.0,0.0
421,8912,2128,Exact,25,25,50700,2002,3000.0,2.0,4000.0,0,0.0,0.0,0.0,0.0,0.0,0.0,0.0,0.0
422,8913,2128,Exact,25,25,50700,3004,1200.0,1.0,1000.0,Arrears,400.0,0.0,0.0,0.0,0.0,0.0,0.0,0.0
423,8914,2134,Exact,25,25,604,1006,3500.0,4.0,2625.0,Arrears & Future payments,0.0,0.0,0.0,0.0,0.0,0.0,0.0,0.0
424,8916,2134,Exact,25,25,704,2001,4000.0,3.0,0.0,Future payments,0.0,1135.0,0.0,0.0,0.0,0.0,0.0,0.0
425,8919,2128,Exact,25,25,50500,1008,6000.0,3.0,5550.0,Arrears,1200.0,0.0,0.0,0.0,0.0,0.0,0.0,0.0
426,8920,2128,Exact,25,25,50200,2001,4000.0,0.0,3243.0,Arrears & Future payments,0.0,1363.0,0.0,0.0,0.0,0.0,0.0,0.0
427,8921,2128,Exact,25,25,50200,2001,0.0,0.0,13000.0,0,0.0,0.0,0.0,0.0,0.0,0.0,0.0,0.0
428,8922,2121,Exact,25,25,90200,1005,6000.0,0.0,5000.0,Arrears,0.0,0.0,0.0,0.0,0.0,0.0,0.0,0.0
429,8929,2124,Exact,25,25,100500,5004,3600.0,2.0,0.0,Future payments,0.0,655.0,0.0,0.0,0.0,0.0,0.0,0.0
430,8931,2128,Exact,25,25,50901,3006,5600.0,4.0,0.0,Arrears & Future payments,800.0,0.0,0.0,0.0,0.0,0.0,0.0,0.0
431,8933,2128,Exact,25,25,50700,3004,6000.0,0.0,15200.0,Arrears,0.0,2060.0,0.0,0.0,0.0,0.0,0.0,0.0
432,8934,2119,Exact,25,25,81400,1001,6000.0,0.0,10578.0,0,0.0,0.0,0.0,0.0,0.0,0.0,0.0,0.0
433,8935,2128,Exact,25,25,50700,2005,0.0,0.0,3800.0,0,0.0,3169.0,0.0,0.0,0.0,0.0,0.0,0.0
434,8936,2136,Exact,25,25,140201,1007,0.0,0.0,950.0,0,0.0,0.0,0.0,0.0,0.0,0.0,0.0,1073.0
435,8940,2121,Exact,25,25,91900,3009,6000.0,0.0,2750.0,Arrears,0.0,1068.0,0.0,0.0,0.0,0.0,0.0,0.0
436,8941,2124,Exact,25,25,92300,1006,0.0,0.0,6000.0,0,0.0,3384.0,0.0,0.0,0.0,0.0,0.0,0.0
437,8944,2122,Exact,25,25,92101,2012,6000.0,0.0,16049.0,Arrears,0.0,0.0,0.0,0.0,0.0,0.0,0.0,0.0
438,8946,2128,Exact,25,25,50200,2002,6000.0,5.0,6750.0,Arrears,0.0,0.0,0.0,0.0,0.0,0.0,0.0,0.0
439,8950,2124,Exact,25,25,100500,4006,6000.0,0.0,7050.0,Arrears,0.0,0.0,0.0,0.0,0.0,0.0,0.0,1400.0
440,8953,2136,Exact,25,25,140400,4003,4200.0,2.0,0.0,Future payments,0.0,235.0,0.0,0.0,0.0,0.0,0.0,0.0
441,8954,2128,Exact,25,25,50400,2003,4200.0,6.0,4200.0,Arrears,0.0,0.0,0.0,0.0,0.0,0.0,0.0,0.0
442,8955,2128,Exact,25,25,50400,2003,6000.0,5.0,4800.0,Arrears & Future payments,0.0,0.0,0.0,0.0,0.0,0.0,0.0,0.0
443,8957,2135,Exact,25,25,102,1008,2956.0,0.0,1800.0,0,0.0,0.0,0.0,0.0,0.0,0.0,0.0,0.0
444,8958,2125,Exact,25,25,91001,1004,0.0,0.0,5200.0,0,0.0,0.0,0.0,0.0,0.0,0.0,0.0,0.0
445,8960,2128,Exact,25,25,51200,2009,4000.0,0.0,1650.0,Arrears & Future payments,0.0,1496.0,0.0,0.0,0.0,0.0,0.0,0.0
446,8961,2121,Exact,25,25,82100,2002,2902.0,2.0,1638.92,Arrears,0.0,0.0,0.0,0.0,0.0,0.0,0.0,0.0
447,8962,2125,Exact,25,25,91100,3004,2200.0,0.0,2200.0,0,0.0,0.0,0.0,0.0,0.0,0.0,0.0,0.0
448,8963,2119,Exact,25,25,80100,2001,6000.0,4.0,6550.0,Arrears,0.0,0.0,0.0,0.0,0.0,0.0,0.0,0.0
449,8968,2128,Exact,25,25,50700,2005,6000.0,5.0,3300.0,Arrears,0.0,0.0,0.0,0.0,0.0,0.0,0.0,0.0
450,8969,2128,Exact,25,25,50700,2005,2400.0,3.0,2400.0,0,0.0,0.0,0.0,0.0,0.0,0.0,0.0,300.0
451,8971,2124,Exact,25,25,100100,1000,4936.0,4.0,2476.0,Arrears & Future payments,0.0,362.0,0.0,0.0,0.0,0.0,0.0,0.0
452,8972,2124,Exact,25,25,100800,1003,4000.0,3.0,1500.0,0,800.0,1068.0,0.0,0.0,0.0,0.0,0.0,0.0
453,8973,2119,Exact,25,25,80300,2000,6000.0,3.0,2500.0,Arrears,0.0,0.0,0.0,0.0,0.0,0.0,0.0,0.0
454,8976,2134,Exact,25,25,804,1007,5100.0,3.0,750.0,Future payments,0.0,0.0,0.0,0.0,0.0,0.0,0.0,0.0
455,8977,2118,Exact,25,25,71101,1006,3000.0,3.0,3000.0,0,0.0,1000.0,0.0,0.0,0.0,0.0,0.0,0.0
456,8978,2131,Exact,25,25,110401,1000,875.0,1.0,875.0,Future payments,0.0,0.0,0.0,0.0,0.0,0.0,0.0,0.0
457,8979,2122,Exact,25,25,92000,1006,3400.0,2.0,0.0,Future payments,0.0,1278.0,0.0,0.0,0.0,0.0,0.0,0.0
458,8983,2128,Exact,25,25,50700,2001,4000.0,3.0,0.0,0,0.0,1591.0,0.0,0.0,0.0,0.0,0.0,0.0
459,8984,2121,Exact,25,25,82000,1003,6000.0,0.0,3335.0,Arrears,0.0,0.0,0.0,0.0,0.0,0.0,0.0,0.0
460,8986,2128,Exact,25,25,50200,4000,4000.0,2.0,0.0,0,0.0,896.0,0.0,0.0,0.0,0.0,0.0,0.0
461,8991,2129,Exact,25,25,40600,1019,2101.0,1.0,0.0,0,0.0,2128.0,0.0,0.0,0.0,0.0,0.0,0.0
462,8997,2127,Exact,25,25,60601,1000,4000.0,2.0,0.0,0,0.0,2800.0,0.0,0.0,0.0,0.0,0.0,0.0
463,8998,2127,Exact,25,25,60601,1000,3996.0,3.0,2536.59,0,0.0,0.0,0.0,0.0,0.0,0.0,0.0,0.0
464,9000,2128,Exact,25,25,50901,2001,4200.0,0.0,4900.0,Arrears,0.0,0.0,0.0,0.0,0.0,0.0,0.0,0.0
465,9001,2115,Exact,25,25,10701,3004,6000.0,3.0,4095.0,Arrears & Future payments,0.0,0.0,0.0,0.0,0.0,0.0,0.0,0.0
466,9002,2118,Exact,25,25,70501,2004,3200.0,0.0,0.0,Arrears,0.0,0.0,0.0,0.0,0.0,0.0,0.0,0.0
467,9004,2115,Exact,25,25,10701,3004,3000.0,2.0,0.0,Future payments,0.0,2592.0,0.0,0.0,0.0,0.0,0.0,0.0
468,9006,2119,Exact,25,25,81800,2001,5200.0,4.0,2600.0,Arrears,454.0,0.0,0.0,0.0,0.0,0.0,0.0,0.0
469,9008,2128,Exact,25,25,51101,4004,6000.0,3.0,4000.0,Arrears,0.0,680.0,0.0,0.0,0.0,0.0,0.0,0.0
470,9009,2128,Exact,25,25,50400,1004,3600.0,3.0,0.0,Future payments,0.0,1704.0,0.0,0.0,0.0,0.0,0.0,0.0
471,9012,2121,Exact,25,25,82000,3001,0.0,0.0,2335.0,0,0.0,0.0,0.0,0.0,0.0,0.0,0.0,0.0
472,9014,2129,Exact,25,25,40600,1029,6000.0,0.0,6677.79,Arrears,0.0,903.0,0.0,0.0,0.0,0.0,0.0,0.0
473,9015,2129,Exact,25,25,40600,1029,2383.0,2.0,2300.0,Arrears,0.0,0.0,0.0,0.0,0.0,0.0,0.0,800.0
474,9016,2129,Exact,25,25,40600,1029,4000.0,0.0,14000.0,Arrears,0.0,1264.0,0.0,0.0,0.0,0.0,0.0,0.0
475,9017,2129,Exact,25,25,40600,1029,4000.0,3.0,2492.0,Arrears,0.0,1164.0,0.0,0.0,0.0,0.0,0.0,0.0
476,9018,2129,Exact,25,25,40600,1029,5966.0,4.0,1492.0,Arrears,0.0,0.0,0.0,0.0,0.0,0.0,0.0,0.0
477,9023,2121,Exact,25,25,91900,3006,6000.0,4.0,3000.0,Arrears,0.0,288.0,0.0,0.0,0.0,0.0,0.0,0.0
478,9025,2129,Exact,25,25,40600,1019,3831.0,3.0,0.0,Future payments,0.0,0.0,0.0,0.0,0.0,0.0,0.0,0.0
479,9026,2122,Exact,25,25,92000,1005,3125.0,0.0,625.0,Arrears & Future payments,0.0,1810.0,0.0,0.0,0.0,0.0,0.0,0.0
480,9027,2128,Exact,25,25,50901,1015,3800.0,2.0,3800.0,Arrears,0.0,1208.0,0.0,0.0,0.0,0.0,0.0,0.0
481,9031,2124,Exact,25,25,92400,5003,2700.0,0.0,1800.0,0,0.0,0.0,0.0,0.0,0.0,0.0,0.0,3200.0
482,9034,2135,Exact,25,25,202,3000,1577.0,0.0,1577.0,0,0.0,1068.0,0.0,0.0,0.0,0.0,0.0,0.0
483,9039,2125,Exact,25,25,91001,4000,5950.0,4.0,2956.0,Arrears,0.0,1156.0,0.0,0.0,0.0,0.0,0.0,0.0
484,9040,2118,Exact,25,25,70402,1008,3375.0,3.0,1125.0,Arrears & Future payments,0.0,2744.0,0.0,0.0,0.0,0.0,0.0,0.0
485,9041,2128,Exact,25,25,50200,1002,6000.0,4.0,6000.0,Arrears,0.0,0.0,0.0,0.0,0.0,0.0,0.0,0.0
486,9042,2128,Exact,25,25,50200,1002,5331.0,4.0,3998.0,Arrears,0.0,0.0,0.0,0.0,0.0,0.0,0.0,990.0
487,9043,2128,Exact,25,25,50200,1002,4000.0,1.0,3252.0,Arrears & Future payments,0.0,1200.0,0.0,0.0,0.0,0.0,0.0,0.0
488,9047,2128,Exact,25,25,50200,4002,6000.0,5.0,5500.0,Arrears,0.0,0.0,0.0,0.0,0.0,0.0,0.0,0.0
489,9048,2122,Exact,25,25,92000,4003,3200.0,2.0,0.0,Arrears & Future payments,0.0,0.0,0.0,0.0,0.0,0.0,0.0,0.0
490,9050,2130,Exact,25,25,120500,2002,3132.0,3.0,250.0,Arrears & Future payments,0.0,0.0,0.0,0.0,0.0,0.0,0.0,0.0
491,9053,2136,Exact,25,25,140201,1007,4000.0,2.0,9000.0,0,0.0,0.0,0.0,0.0,400.0,0.0,0.0,0.0
492,9056,2128,Exact,25,25,51200,3000,6000.0,0.0,6000.0,Arrears,0.0,710.0,0.0,0.0,0.0,660.0,0.0,0.0
493,9060,2114,Exact,25,25,20302,1000,0.0,0.0,5600.0,0,0.0,0.0,0.0,0.0,0.0,0.0,0.0,0.0
494,9061,2124,Exact,25,25,92400,2004,6000.0,0.0,6000.0,0,0.0,0.0,0.0,0.0,0.0,0.0,0.0,0.0
495,9062,2128,Exact,25,25,50101,1001,1555.0,2.0,765.0,0,0.0,1257.0,0.0,0.0,0.0,0.0,0.0,0.0
496,9064,2128,Exact,25,25,50200,1001,4000.0,0.0,6300.0,Arrears,0.0,0.0,0.0,0.0,0.0,0.0,0.0,0.0
497,9065,2128,Exact,25,25,50400,1000,6000.0,4.0,2800.0,Arrears,0.0,0.0,0.0,0.0,0.0,0.0,0.0,0.0
498,9068,2126,Exact,25,25,101001,4002,6000.0,0.0,7800.0,Arrears,0.0,0.0,0.0,0.0,0.0,0.0,0.0,1148.0
499,9072,2119,Exact,25,25,81800,3003,5324.0,3.0,0.0,Arrears,0.0,1063.0,0.0,0.0,0.0,0.0,0.0,0.0
500,9073,2125,Exact,25,25,90700,1008,4000.0,2.0,0.0,0,0.0,1068.0,0.0,0.0,0.0,0.0,0.0,0.0
501,9077,2115,Exact,25,25,10404,4000,1725.0,3.0,575.0,Arrears,0.0,1068.0,0.0,0.0,0.0,0.0,0.0,0.0
502,9080,2124,Exact,25,25,100500,3002,3500.0,3.0,2100.0,Arrears,0.0,0.0,0.0,0.0,0.0,0.0,0.0,0.0
503,9083,2129,Exact,25,25,40600,2003,4000.0,0.0,3250.0,Arrears & Future payments,0.0,1148.0,0.0,0.0,0.0,0.0,0.0,0.0
504,9084,2128,Exact,25,25,50101,3003,2187.5,3.0,1325.0,Arrears,0.0,2500.0,0.0,0.0,0.0,0.0,0.0,0.0
505,9086,2124,Exact,25,25,92000,3006,6000.0,6.0,4000.0,Arrears,0.0,0.0,0.0,0.0,0.0,0.0,0.0,0.0
506,9087,2128,Exact,25,25,50200,1001,5200.0,4.0,0.0,Arrears,0.0,0.0,0.0,0.0,0.0,0.0,0.0,0.0
507,9089,2124,Exact,25,25,92200,4004,4000.0,2.0,4500.0,Arrears,1200.0,0.0,0.0,0.0,0.0,0.0,0.0,0.0
508,9092,2124,Exact,25,25,92300,1004,4100.0,2.0,2200.0,Arrears,0.0,344.0,0.0,0.0,0.0,0.0,0.0,0.0
509,9093,2124,Exact,25,25,100100,5000,1700.0,3.0,1400.0,Arrears,0.0,0.0,0.0,0.0,0.0,0.0,0.0,0.0
510,9098,2128,Exact,25,25,51101,1008,4000.0,3.0,8000.0,Arrears,0.0,0.0,0.0,0.0,0.0,0.0,0.0,0.0
511,9100,2119,Exact,25,25,120301,2001,6000.0,0.0,4000.0,Arrears,0.0,0.0,0.0,0.0,0.0,0.0,0.0,0.0
512,9105,2121,Exact,25,25,82100,2002,6000.0,0.0,6000.0,Arrears,0.0,1853.0,0.0,0.0,0.0,0.0,0.0,0.0
513,9107,2128,Exact,25,25,50901,2000,6000.0,0.0,21600.0,Arrears,0.0,1255.0,0.0,0.0,0.0,0.0,0.0,530.0
514,9112,2128,Exact,25,25,50500,1006,4100.0,3.0,1600.0,Arrears,0.0,0.0,0.0,0.0,0.0,0.0,0.0,0.0
515,9113,2121,Exact,25,25,91900,3009,6000.0,0.0,15000.0,0,0.0,0.0,0.0,0.0,0.0,0.0,0.0,0.0
516,9114,2132,Exact,25,25,130404,1005,0.0,0.0,5883.0,0,0.0,0.0,0.0,1406.0,0.0,0.0,0.0,0.0
517,9115,2130,Exact,25,25,120201,2000,6000.0,0.0,3100.0,0,0.0,317.0,0.0,0.0,0.0,0.0,0.0,0.0
518,9117,2122,Exact,25,25,100603,1009,6000.0,0.0,6395.0,0,0.0,0.0,0.0,0.0,0.0,0.0,0.0,0.0
519,9118,2131,Exact,25,25,110104,1004,6000.0,0.0,8800.0,Arrears,0.0,267.0,0.0,0.0,0.0,0.0,0.0,0.0
520,9119,2131,Exact,25,25,110104,1004,6000.0,0.0,6000.0,0,0.0,2400.0,0.0,0.0,0.0,0.0,0.0,0.0
521,9121,2119,Exact,25,25,80100,2000,1938.0,0.0,968.75,0,100.0,1068.0,0.0,0.0,0.0,0.0,0.0,0.0
522,9122,2119,Exact,25,25,80100,2000,3876.0,3.0,968.75,Arrears & Future payments,0.0,1068.0,0.0,0.0,0.0,0.0,0.0,0.0
523,9125,2122,Exact,25,25,91700,3004,1875.0,0.0,625.0,0,0.0,308.0,0.0,0.0,0.0,400.0,0.0,0.0
524,9126,2128,Exact,25,25,50200,2004,1700.0,0.0,0.0,Arrears,0.0,0.0,0.0,0.0,0.0,0.0,0.0,0.0
525,9128,2122,Exact,25,25,100603,2014,4300.0,3.0,500.0,Arrears,0.0,300.0,0.0,0.0,0.0,0.0,0.0,0.0
526,9129,2109,Exact,25,25,30500,3000,3375.0,3.0,1125.0,Future payments,0.0,0.0,0.0,0.0,0.0,0.0,0.0,0.0
527,9130,2109,Exact,25,25,30500,3000,3375.0,3.0,1125.0,Future payments,0.0,2176.0,0.0,0.0,0.0,0.0,0.0,0.0
528,9131,2116,Exact,25,25,70402,2003,4000.0,2.0,0.0,Future payments,0.0,1928.0,0.0,0.0,0.0,0.0,0.0,0.0
529,9133,2136,Exact,25,25,140300,2008,3940.0,4.0,0.0,0,260.0,1068.0,0.0,0.0,0.0,0.0,0.0,0.0
530,9134,2126,Exact,25,25,101002,3016,6000.0,0.0,11050.0,Arrears,0.0,2274.0,0.0,1000.0,0.0,0.0,0.0,0.0
531,9135,2128,Exact,25,25,51200,3000,6000.0,3.0,6500.0,0,2800.0,0.0,0.0,0.0,0.0,0.0,0.0,0.0
532,9138,2126,Exact,25,25,101002,3016,6000.0,0.0,4941.0,Arrears & Future payments,0.0,0.0,0.0,0.0,0.0,0.0,0.0,850.0
533,9142,2124,Exact,25,25,100100,4003,6000.0,0.0,8471.31,0,0.0,0.0,0.0,0.0,0.0,0.0,0.0,0.0
534,9144,2126,Exact,25,25,101002,3012,6000.0,0.0,15000.0,0,0.0,0.0,0.0,0.0,0.0,0.0,0.0,0.0
535,9148,2126,Exact,25,25,100900,3008,6000.0,3.0,6800.0,Arrears,0.0,0.0,0.0,0.0,0.0,0.0,0.0,0.0
536,9150,2119,Exact,25,25,81302,2006,3297.0,3.0,2198.0,Arrears & Future payments,0.0,306.0,0.0,0.0,0.0,0.0,0.0,0.0
537,9158,2122,Exact,25,25,92101,3021,2850.0,3.0,950.0,Arrears,0.0,0.0,0.0,0.0,0.0,0.0,0.0,1716.0
538,9160,2119,Exact,25,25,90600,2011,6000.0,4.0,0.0,Arrears,0.0,1200.0,0.0,0.0,0.0,0.0,0.0,0.0
539,9161,2119,Exact,25,25,81700,2002,4040.0,3.0,3360.0,Arrears,0.0,0.0,0.0,0.0,0.0,0.0,0.0,0.0
540,9162,2122,Exact,25,25,91600,1003,6000.0,3.0,0.0,Future payments,0.0,1068.0,0.0,0.0,0.0,0.0,0.0,0.0
541,9165,2126,Exact,25,25,101002,2014,6000.0,5.0,23400.0,Arrears,0.0,0.0,0.0,0.0,0.0,0.0,0.0,0.0
542,9166,2128,Exact,25,25,50101,1003,6000.0,3.0,4000.0,Arrears & Future payments,0.0,0.0,0.0,0.0,0.0,0.0,0.0,0.0
543,9168,2124,Exact,25,25,100500,2007,6000.0,2.0,4000.0,Arrears,600.0,0.0,0.0,0.0,0.0,0.0,0.0,0.0
544,9170,2130,Exact,25,25,81200,1006,3745.0,1.0,2195.0,Arrears & Future payments,0.0,0.0,0.0,0.0,0.0,0.0,0.0,0.0
545,9171,2124,Exact,25,25,92300,1006,6000.0,1.0,5000.0,Arrears & Future payments,0.0,988.0,0.0,0.0,0.0,0.0,0.0,0.0
546,9172,2124,Exact,25,25,92200,4002,6000.0,0.0,5200.0,Arrears,0.0,0.0,0.0,0.0,0.0,0.0,0.0,0.0
547,9174,2132,Exact,25,25,130300,4005,3550.0,4.0,1300.0,Arrears,0.0,0.0,0.0,0.0,0.0,0.0,0.0,0.0
548,9175,2116,Exact,25,25,70202,1005,3384.0,3.0,1128.0,Arrears & Future payments,0.0,0.0,0.0,0.0,0.0,0.0,0.0,0.0
549,9177,2125,Exact,25,25,91100,4000,3600.0,2.0,1200.0,0,0.0,578.0,0.0,0.0,0.0,0.0,0.0,0.0
550,9179,2126,Exact,25,25,101102,3002,3309.0,2.0,0.0,0,0.0,0.0,0.0,0.0,0.0,0.0,0.0,0.0
551,9180,2132,Exact,25,25,130200,4007,4950.0,3.0,0.0,Future payments,0.0,1456.0,0.0,0.0,0.0,0.0,0.0,0.0
552,9181,2132,Exact,25,25,130300,4009,6000.0,2.0,8200.0,0,0.0,0.0,0.0,0.0,0.0,0.0,0.0,0.0
553,9182,2132,Exact,25,25,130404,1002,6000.0,0.0,5100.0,Arrears,0.0,1904.0,0.0,0.0,0.0,0.0,0.0,0.0
554,9184,2119,Exact,25,25,81500,2000,6000.0,3.0,8500.0,0,0.0,1068.0,0.0,0.0,0.0,0.0,0.0,0.0
555,9186,2125,Exact,25,25,91500,1007,3200.0,0.0,3200.0,Arrears,0.0,0.0,0.0,0.0,0.0,0.0,0.0,0.0
556,9188,2132,Exact,25,25,130404,1002,6000.0,0.0,9825.0,Arrears,0.0,942.0,0.0,0.0,0.0,0.0,0.0,0.0
557,9189,2126,Exact,25,25,101102,3002,4000.0,0.0,0.0,0,0.0,558.0,0.0,0.0,0.0,0.0,0.0,0.0
558,9190,2126,Exact,25,25,101102,3002,4425.0,3.0,0.0,Arrears,0.0,0.0,0.0,0.0,0.0,0.0,0.0,0.0
559,9191,2122,Exact,25,25,92101,5008,6000.0,3.0,4800.0,Arrears,0.0,0.0,0.0,0.0,0.0,0.0,0.0,0.0
560,9193,2134,Exact,25,25,604,1002,0.0,0.0,2500.0,0,0.0,0.0,0.0,0.0,0.0,0.0,0.0,0.0
561,9194,2210,Exact,25,25,60604,1010,3144.0,2.0,0.0,Future payments,1086.0,0.0,0.0,0.0,0.0,400.0,0.0,0.0
562,9199,2124,Exact,25,25,100500,3001,6000.0,0.0,9700.0,Arrears,0.0,1578.0,0.0,0.0,0.0,750.0,0.0,0.0
563,9200,2111,Exact,25,25,70202,1002,4000.0,4.0,2550.0,Arrears & Future payments,0.0,559.0,0.0,0.0,0.0,0.0,0.0,0.0
564,9202,2135,Exact,25,25,701,2004,2000.0,2.0,1100.0,Arrears,0.0,0.0,0.0,0.0,0.0,0.0,0.0,0.0
565,9203,2119,Exact,25,25,81800,3000,4752.0,0.0,3600.0,Arrears,0.0,0.0,0.0,0.0,0.0,0.0,0.0,0.0
566,9206,2126,Exact,25,25,101001,5001,6000.0,0.0,7100.0,0,0.0,0.0,0.0,0.0,0.0,820.0,0.0,0.0
567,9207,2118,Exact,25,25,71201,2005,2226.0,2.0,1900.0,Arrears & Future payments,0.0,0.0,0.0,0.0,0.0,0.0,0.0,0.0
568,9209,2128,Exact,25,25,51200,2003,3806.0,2.0,0.0,Arrears & Future payments,200.0,1100.0,0.0,0.0,0.0,0.0,0.0,0.0
569,9210,2124,Exact,25,25,100500,4006,4000.0,2.0,5200.0,0,0.0,3032.0,0.0,0.0,0.0,0.0,0.0,0.0
570,9211,2119,Exact,25,25,80100,2003,4000.0,3.0,3000.0,0,0.0,222.0,0.0,0.0,0.0,0.0,0.0,0.0
571,9212,2124,Exact,25,25,100500,4002,2100.0,1.0,2100.0,0,0.0,400.0,0.0,0.0,0.0,0.0,0.0,0.0
572,9213,2124,Exact,25,25,100500,5005,6000.0,1.0,6760.0,Arrears,0.0,2098.0,0.0,0.0,0.0,0.0,0.0,0.0
573,9215,2124,Exact,25,25,100500,1005,3600.0,3.0,1200.0,Arrears & Future payments,0.0,0.0,0.0,0.0,0.0,0.0,0.0,0.0
574,9216,2124,Exact,25,25,100500,1005,3300.0,3.0,0.0,Future payments,0.0,0.0,0.0,0.0,0.0,0.0,0.0,0.0
575,9218,2132,Exact,25,25,130406,2001,2101.0,1.0,2101.0,Arrears,0.0,0.0,0.0,0.0,836.0,0.0,0.0,0.0
576,9220,2124,Exact,25,25,92300,2000,4000.0,2.0,3800.0,0,0.0,0.0,0.0,0.0,530.0,0.0,0.0,524.0
577,9222,2136,Exact,25,25,140105,1020,6000.0,6.0,4000.0,Arrears & Future payments,0.0,0.0,0.0,0.0,0.0,0.0,0.0,0.0
578,9226,2129,Exact,25,25,40600,1050,4500.0,2.0,2400.0,Arrears,0.0,1500.0,0.0,0.0,0.0,0.0,0.0,0.0
579,9227,2125,Exact,25,25,91400,1001,4000.0,3.0,1680.0,Arrears & Future payments,0.0,3427.0,0.0,0.0,0.0,0.0,0.0,0.0
580,9229,2135,Exact,25,25,102,2010,5472.0,4.0,1386.7,Arrears,0.0,464.0,0.0,0.0,0.0,0.0,0.0,0.0
581,9230,2132,Exact,25,25,130404,2018,0.0,0.0,2200.0,0,0.0,0.0,0.0,0.0,0.0,400.0,0.0,0.0
582,9232,2125,Exact,25,25,90400,3005,6000.0,0.0,16000.0,Arrears,0.0,0.0,0.0,0.0,0.0,0.0,0.0,0.0
583,9237,2122,Exact,25,25,100601,1005,6000.0,3.0,8000.0,0,0.0,2600.0,0.0,0.0,0.0,0.0,0.0,0.0
584,9245,2127,Exact,25,25,60301,3007,4000.0,1.0,3229.0,0,0.0,2354.0,0.0,0.0,0.0,0.0,0.0,0.0
585,9247,2131,Exact,25,25,140106,2001,2488.0,2.0,2000.0,Arrears,0.0,0.0,0.0,0.0,0.0,0.0,0.0,0.0
586,9248,2128,Exact,25,25,51101,2003,6000.0,4.0,5400.0,Arrears & Future payments,0.0,0.0,0.0,0.0,0.0,0.0,0.0,0.0
587,9249,2125,Exact,25,25,90400,3005,3600.0,6.0,4000.0,Arrears,0.0,0.0,0.0,0.0,0.0,0.0,0.0,0.0
588,9253,2121,Exact,25,25,90100,1012,4000.0,1.0,1600.0,Arrears & Future payments,0.0,0.0,0.0,0.0,0.0,0.0,0.0,0.0
589,9259,2125,Exact,25,25,91300,2006,3659.0,3.0,2418.0,Arrears,0.0,0.0,0.0,0.0,0.0,0.0,0.0,0.0
590,9261,2124,Exact,25,25,100500,4003,6000.0,4.0,12800.0,Arrears,0.0,0.0,0.0,0.0,0.0,0.0,0.0,0.0
591,9262,2131,Exact,25,25,110201,1002,4350.0,0.0,2900.0,0,0.0,0.0,0.0,0.0,0.0,0.0,0.0,0.0
592,9267,2122,Exact,25,25,100603,1016,5600.0,4.0,0.0,Arrears & Future payments,0.0,1040.0,0.0,0.0,0.0,0.0,0.0,0.0
593,9271,2128,Exact,25,25,50600,2007,6000.0,4.0,4500.0,Arrears,0.0,0.0,0.0,0.0,0.0,0.0,0.0,200.0
594,9274,2121,Exact,25,25,90300,1005,3928.0,3.0,3000.0,0,0.0,0.0,0.0,0.0,0.0,0.0,0.0,1106.0
595,9278,2111,Exact,25,25,70202,1002,3600.0,3.0,0.0,Future payments,0.0,0.0,0.0,1458.0,0.0,0.0,0.0,0.0
596,9281,2125,Exact,25,25,91100,4002,6000.0,0.0,10700.0,Arrears,2000.0,0.0,0.0,0.0,0.0,0.0,0.0,0.0
597,9285,2122,Exact,25,25,92101,1000,5600.0,4.0,4200.0,Arrears,300.0,0.0,0.0,0.0,220.0,0.0,0.0,992.0
598,9289,2130,Exact,25,25,81200,2000,6000.0,0.0,6893.0,Arrears,0.0,0.0,0.0,0.0,0.0,0.0,0.0,0.0
599,9290,2130,Exact,25,25,81200,2000,3538.0,3.0,3538.0,0,0.0,0.0,0.0,0.0,0.0,800.0,0.0,0.0
600,9292,2131,Exact,25,25,110502,2007,6000.0,3.0,6000.0,0,0.0,1004.0,0.0,0.0,0.0,0.0,0.0,0.0
601,9294,2128,Exact,25,25,50101,1004,6000.0,3.0,5000.0,Arrears,0.0,0.0,0.0,0.0,0.0,0.0,0.0,0.0
602,9295,2128,Exact,25,25,50101,1004,6000.0,0.0,7500.0,Arrears,0.0,0.0,0.0,0.0,0.0,0.0,0.0,0.0
603,9300,2124,Exact,25,25,100100,2003,6000.0,1.0,5600.0,Arrears & Future payments,0.0,0.0,0.0,0.0,500.0,0.0,0.0,0.0
604,9308,2135,Exact,25,25,701,1003,6000.0,0.0,1875.0,0,0.0,0.0,0.0,0.0,0.0,0.0,0.0,0.0
605,9309,2128,Exact,25,25,51000,1004,2300.0,3.0,350.0,Future payments,0.0,0.0,0.0,0.0,0.0,0.0,0.0,0.0
606,9310,2124,Exact,25,25,100601,3010,4000.0,2.0,0.0,Future payments,0.0,0.0,0.0,0.0,0.0,0.0,0.0,0.0
607,9311,2121,Exact,25,25,90300,3002,2375.0,5.0,1800.0,Arrears,0.0,0.0,0.0,0.0,0.0,0.0,0.0,0.0
608,9312,2124,Exact,25,25,100500,3002,5000.0,2.0,5000.0,Arrears,0.0,0.0,0.0,0.0,0.0,0.0,0.0,0.0
609,9314,2134,Exact,25,25,804,1004,6000.0,0.0,3800.0,Arrears,0.0,0.0,0.0,0.0,0.0,0.0,0.0,0.0
610,9315,2135,Exact,25,25,506,1007,750.0,0.0,750.0,0,0.0,592.0,0.0,0.0,0.0,0.0,0.0,0.0
611,9322,2131,Exact,25,25,110301,2011,6000.0,3.0,4800.0,Arrears,0.0,1700.0,0.0,0.0,0.0,0.0,0.0,0.0
612,9324,2136,Exact,25,25,140300,6006,4520.0,3.0,3000.0,Arrears,0.0,0.0,0.0,0.0,0.0,0.0,0.0,0.0
613,9327,2124,Exact,25,25,100500,3005,3750.0,0.0,8000.0,0,0.0,342.0,0.0,0.0,0.0,0.0,0.0,0.0
614,9329,2128,Exact,25,25,50600,1007,6000.0,4.0,4000.0,Arrears & Future payments,0.0,0.0,0.0,0.0,0.0,700.0,0.0,0.0
615,9330,2111,Exact,25,25,70103,1001,1390.0,1.0,0.0,0,0.0,1863.0,0.0,0.0,0.0,0.0,0.0,0.0
616,9331,2111,Exact,25,25,70103,1001,4000.0,0.0,2780.0,Arrears & Future payments,0.0,546.0,0.0,0.0,0.0,0.0,0.0,0.0
617,9334,2111,Exact,25,25,70103,1001,4000.0,2.0,2797.0,Arrears & Future payments,0.0,2118.0,0.0,0.0,0.0,0.0,0.0,0.0
618,9335,2124,Exact,25,25,100100,5000,6000.0,0.0,4000.0,0,0.0,200.0,0.0,0.0,0.0,0.0,0.0,0.0
619,9336,2125,Exact,25,25,91100,2003,6000.0,0.0,850.0,Arrears,0.0,1260.0,0.0,0.0,0.0,0.0,0.0,0.0
620,9337,2111,Exact,25,25,70202,1003,4000.0,2.0,2800.0,Arrears & Future payments,0.0,0.0,0.0,0.0,0.0,0.0,0.0,0.0
621,9341,2135,Exact,25,25,301,4003,2850.0,3.0,950.0,Future payments,0.0,0.0,0.0,0.0,0.0,0.0,0.0,0.0
622,9344,2131,Exact,25,25,140106,2001,6000.0,0.0,7750.0,Arrears,0.0,0.0,0.0,0.0,0.0,0.0,0.0,0.0
623,9347,2128,Exact,25,25,50300,1016,6000.0,4.0,3600.0,Arrears & Future payments,0.0,0.0,0.0,0.0,0.0,0.0,0.0,0.0
624,9349,2125,Exact,25,25,91300,1009,6000.0,2.0,0.0,Future payments,0.0,3204.0,0.0,0.0,0.0,0.0,0.0,0.0
625,9351,2122,Exact,25,25,91700,1001,2700.0,2.0,0.0,Arrears & Future payments,0.0,0.0,0.0,0.0,0.0,0.0,0.0,0.0
626,9352,2122,Exact,25,25,91700,1001,2700.0,2.0,0.0,Arrears & Future payments,0.0,1307.0,0.0,0.0,0.0,0.0,0.0,0.0
627,9354,2119,Exact,25,25,80100,2002,6000.0,5.0,5300.0,Arrears,0.0,0.0,0.0,0.0,0.0,0.0,0.0,0.0
628,9356,2128,Exact,25,25,51101,1007,6000.0,2.0,4800.0,Arrears,0.0,0.0,0.0,0.0,0.0,0.0,0.0,0.0
629,9359,2124,Exact,25,25,100300,4002,5488.0,0.0,1372.0,0,0.0,1280.0,0.0,0.0,0.0,0.0,0.0,0.0
630,9363,2125,Exact,25,25,91100,1004,4000.0,3.0,1990.0,Arrears & Future payments,0.0,0.0,0.0,0.0,0.0,0.0,0.0,0.0
631,9369,2126,Exact,25,25,101102,1002,6000.0,2.0,4800.0,Arrears & Future payments,0.0,0.0,0.0,0.0,0.0,0.0,0.0,0.0
632,9373,2121,Exact,25,25,82100,2002,4238.0,3.0,2733.8,Arrears,0.0,1960.0,0.0,0.0,0.0,0.0,0.0,0.0
633,9375,2136,Exact,25,25,140300,1006,4600.0,2.0,2300.0,Arrears & Future payments,0.0,0.0,0.0,0.0,0.0,0.0,0.0,0.0
634,9376,2126,Exact,25,25,101001,5001,5400.0,6.0,1150.0,Arrears & Future payments,0.0,1032.0,0.0,0.0,0.0,0.0,0.0,0.0
635,9377,2125,Exact,25,25,91300,1002,2200.0,2.0,2200.0,Arrears,0.0,1864.0,0.0,0.0,0.0,0.0,0.0,0.0
636,9378,2136,Exact,25,25,140400,1000,4000.0,4.0,3400.0,0,0.0,297.0,0.0,0.0,0.0,0.0,0.0,0.0
637,9379,2126,Exact,25,25,101102,4007,4000.0,1.0,1400.0,0,0.0,0.0,0.0,0.0,0.0,0.0,0.0,0.0
638,9381,2118,Exact,25,25,70802,1005,1805.0,4.0,1805.0,Arrears,0.0,431.0,0.0,0.0,0.0,0.0,0.0,0.0
639,9382,2125,Exact,25,25,91300,2008,6000.0,0.0,4500.0,0,0.0,0.0,0.0,0.0,0.0,0.0,0.0,0.0
640,9386,2134,Exact,25,25,804,1003,4000.0,5.0,2250.0,Arrears,0.0,0.0,0.0,0.0,0.0,0.0,0.0,0.0
641,9387,2127,Exact,25,25,61000,1004,3600.0,4.0,900.0,Arrears & Future payments,0.0,0.0,0.0,0.0,0.0,0.0,0.0,0.0
642,9390,2136,Exact,25,25,140202,4010,6000.0,0.0,5700.0,0,0.0,2200.0,0.0,0.0,0.0,0.0,0.0,0.0
643,9393,2119,Exact,25,25,81301,2001,4207.0,3.0,4702.0,0,0.0,0.0,0.0,0.0,0.0,0.0,0.0,0.0
644,9394,2119,Exact,25,25,81301,2001,5748.0,4.0,3450.0,Arrears,0.0,0.0,0.0,0.0,0.0,0.0,0.0,0.0
645,9395,2119,Exact,25,25,81301,2001,4177.5,3.0,1712.0,Arrears,0.0,0.0,0.0,0.0,0.0,0.0,0.0,0.0
646,9397,2122,Exact,25,25,92101,2007,4000.0,0.0,2400.0,Arrears & Future payments,0.0,1148.0,0.0,0.0,0.0,0.0,0.0,0.0
647,9398,2122,Exact,25,25,92101,2007,4200.0,3.0,0.0,Future payments,0.0,0.0,0.0,0.0,0.0,0.0,0.0,0.0
648,9399,2122,Exact,25,25,92101,2007,3900.0,3.0,0.0,0,0.0,306.0,0.0,0.0,0.0,0.0,0.0,0.0
649,9400,2134,Exact,25,25,804,2008,4000.0,3.0,0.0,Future payments,400.0,2915.0,0.0,0.0,0.0,0.0,0.0,0.0
650,9403,2124,Exact,25,25,100500,2006,6000.0,1.0,5000.0,Future payments,0.0,0.0,0.0,0.0,0.0,0.0,0.0,750.0
651,9405,2128,Exact,25,25,50300,1013,4000.0,3.0,3150.0,0,0.0,0.0,0.0,0.0,0.0,0.0,0.0,0.0
652,9406,2126,Exact,25,25,101001,6002,6000.0,4.0,13000.0,0,0.0,1161.0,0.0,0.0,0.0,0.0,0.0,0.0
653,9410,2134,Exact,25,25,101,2008,6000.0,0.0,13600.0,0,0.0,0.0,0.0,0.0,0.0,0.0,0.0,1875.0
654,9411,2121,Exact,25,25,90200,3000,4000.0,1.0,3645.0,Arrears & Future payments,0.0,828.0,0.0,0.0,0.0,0.0,0.0,0.0
655,9413,2121,Exact,25,25,91900,1003,6000.0,4.0,2600.0,0,0.0,0.0,0.0,0.0,0.0,156.0,0.0,0.0
656,9415,2199,Exact,25,25,10600,2001,6000.0,4.0,5684.0,Arrears & Future payments,0.0,0.0,0.0,0.0,0.0,0.0,0.0,0.0
657,9421,2135,Exact,25,25,201,2000,2760.0,0.0,3920.0,0,0.0,0.0,0.0,0.0,0.0,0.0,0.0,0.0
658,9423,2135,Exact,25,25,402,2009,0.0,0.0,750.0,0,0.0,0.0,0.0,0.0,0.0,0.0,0.0,0.0
659,9425,2131,Exact,25,25,110502,2003,6000.0,1.0,5600.0,Arrears & Future payments,0.0,1148.0,0.0,0.0,0.0,0.0,0.0,0.0
660,9426,2128,Exact,25,25,50300,2003,6000.0,0.0,4379.0,0,0.0,1716.0,0.0,0.0,0.0,0.0,0.0,0.0
661,9427,2122,Exact,25,25,92101,5003,6000.0,0.0,6900.0,0,0.0,0.0,0.0,0.0,0.0,0.0,0.0,0.0
662,9429,2130,Exact,25,25,120700,2003,0.0,0.0,0.0,0,0.0,2696.0,0.0,0.0,16.0,0.0,0.0,0.0
663,9430,2130,Exact,25,25,120301,4001,3120.0,5.0,3120.0,Arrears,0.0,836.0,0.0,0.0,0.0,0.0,0.0,0.0
664,9432,2122,Exact,25,25,92101,4000,2800.0,0.0,1600.0,Arrears,0.0,0.0,0.0,0.0,0.0,0.0,0.0,0.0
665,9438,2124,Exact,25,25,100400,1002,4000.0,3.0,1750.0,0,0.0,836.0,0.0,0.0,0.0,0.0,0.0,0.0
666,9439,2118,Exact,25,25,80601,1007,6000.0,1.0,1277.0,Arrears & Future payments,0.0,576.0,0.0,0.0,0.0,0.0,0.0,0.0
667,9440,2118,Exact,25,25,80500,2000,0.0,0.0,1019.0,0,0.0,0.0,0.0,0.0,0.0,0.0,0.0,0.0
668,9441,2134,Exact,25,25,804,1004,4200.0,6.0,1950.0,Arrears,0.0,0.0,0.0,0.0,0.0,0.0,0.0,0.0
669,9442,2125,Exact,25,25,91200,1006,4000.0,0.0,3300.0,Arrears & Future payments,0.0,2283.0,0.0,0.0,0.0,0.0,0.0,0.0
670,9448,2128,Exact,25,25,51000,3000,2550.0,3.0,3400.0,Arrears,0.0,0.0,0.0,0.0,0.0,0.0,0.0,0.0
671,9452,2128,Exact,25,25,51000,1003,4000.0,1.0,2000.0,Arrears & Future payments,0.0,0.0,0.0,0.0,0.0,0.0,0.0,0.0
672,9453,2128,Exact,25,25,51000,1003,6000.0,0.0,6000.0,Arrears,0.0,0.0,0.0,0.0,0.0,0.0,0.0,1000.0
673,9455,2113,Exact,25,25,30100,2005,4000.0,2.0,0.0,Future payments,0.0,0.0,0.0,0.0,0.0,0.0,0.0,0.0
674,9460,2128,Exact,25,25,51000,2014,6000.0,2.0,7800.0,0,0.0,0.0,0.0,0.0,0.0,0.0,0.0,0.0
675,9461,2131,Exact,25,25,110201,1018,5498.0,3.0,3994.44,Arrears,0.0,0.0,0.0,0.0,0.0,0.0,0.0,0.0
676,9462,2134,Exact,25,25,704,2002,4000.0,2.0,5370.0,Arrears,1500.0,0.0,0.0,0.0,0.0,0.0,0.0,0.0
677,9464,2130,Exact,25,25,120400,3009,4400.0,2.0,0.0,Future payments,24000.0,0.0,0.0,0.0,0.0,0.0,0.0,0.0
678,9466,2130,Exact,25,25,110105,1004,3650.0,3.0,1460.0,Arrears & Future payments,0.0,1928.0,0.0,0.0,0.0,0.0,0.0,0.0
679,9467,2118,Exact,25,25,71101,2003,5962.0,3.0,2326.0,Arrears,0.0,0.0,0.0,0.0,0.0,671.0,0.0,0.0
680,9468,2121,Exact,25,25,90100,5002,1900.0,1.0,2500.0,Arrears,0.0,0.0,0.0,0.0,0.0,0.0,0.0,0.0
681,9469,2125,Exact,25,25,91200,3000,3500.0,3.0,2100.0,0,0.0,2476.0,0.0,0.0,0.0,0.0,0.0,0.0
682,9470,2136,Exact,25,25,140300,5008,4000.0,2.0,4000.0,Arrears,0.0,0.0,0.0,0.0,0.0,0.0,0.0,0.0
683,9471,2128,Exact,25,25,51000,1000,4000.0,0.0,4600.0,0,0.0,0.0,0.0,0.0,0.0,0.0,0.0,0.0
684,9474,2128,Exact,25,25,51000,2010,4744.0,2.0,4744.0,Arrears & Future payments,0.0,0.0,0.0,0.0,0.0,0.0,0.0,0.0
685,9475,2125,Exact,25,25,90700,4014,2800.0,1.0,0.0,Arrears & Future payments,0.0,0.0,0.0,0.0,0.0,0.0,0.0,0.0
686,9476,2136,Exact,25,25,140105,1009,6000.0,5.0,7750.0,0,0.0,0.0,0.0,0.0,0.0,0.0,0.0,0.0
687,9477,2135,Exact,25,25,202,2000,6000.0,0.0,4000.0,Arrears,0.0,1148.0,0.0,0.0,0.0,0.0,0.0,0.0
688,9478,2136,Exact,25,25,140102,2021,6000.0,0.0,7275.0,Arrears,0.0,0.0,0.0,0.0,0.0,0.0,0.0,0.0
689,9482,2122,Exact,25,25,92000,1002,3300.0,0.0,3300.0,Arrears,0.0,1059.0,0.0,0.0,0.0,0.0,0.0,0.0
690,9485,2131,Exact,25,25,140106,1002,3004.0,2.0,1502.0,Arrears,0.0,0.0,0.0,0.0,0.0,476.0,0.0,3000.0
691,9486,2121,Exact,25,25,90300,3004,4000.0,0.0,5400.0,0,0.0,0.0,0.0,0.0,428.0,0.0,0.0,728.0
692,9487,2215,Exact,25,25,10204,3006,4000.0,3.0,1343.0,Arrears & Future payments,0.0,0.0,0.0,0.0,0.0,0.0,0.0,0.0
693,9488,2128,Exact,25,25,50300,2004,6000.0,0.0,7134.55,Arrears,0.0,0.0,0.0,0.0,0.0,0.0,0.0,0.0
694,9489,2121,Exact,25,25,90100,5005,3600.0,2.0,1800.0,Arrears,0.0,2344.0,0.0,0.0,0.0,0.0,0.0,0.0
695,9490,2130,Exact,25,25,110106,1000,6000.0,0.0,5208.0,Arrears & Future payments,0.0,1148.0,0.0,0.0,0.0,0.0,0.0,0.0
696,9495,2127,Exact,25,25,61201,1008,2700.0,3.0,2700.0,Arrears,0.0,0.0,0.0,0.0,0.0,0.0,0.0,0.0
697,9496,2109,Exact,25,25,30400,4006,6000.0,0.0,7650.0,Arrears,0.0,1896.0,0.0,0.0,0.0,0.0,0.0,0.0
698,9500,2128,Exact,25,25,50600,2004,5175.0,3.0,0.0,Future payments,0.0,0.0,0.0,0.0,0.0,0.0,0.0,0.0
699,9501,2125,Exact,25,25,90400,1001,6000.0,0.0,9000.0,0,0.0,1008.0,0.0,0.0,0.0,0.0,0.0,0.0
700,9503,2124,Exact,25,25,100500,1006,6000.0,3.0,9000.0,Arrears,115.0,160.0,0.0,0.0,0.0,0.0,0.0,0.0
701,9506,2135,Exact,25,25,604,2003,5435.0,3.0,3640.0,Arrears,0.0,0.0,0.0,0.0,0.0,0.0,0.0,0.0
702,9509,2119,Exact,25,25,81800,2000,6000.0,3.0,2570.0,Arrears,0.0,1160.0,0.0,0.0,0.0,0.0,0.0,0.0
703,9510,2128,Exact,25,25,51101,1010,3060.0,3.0,3060.0,0,0.0,0.0,0.0,0.0,0.0,0.0,0.0,0.0
704,9512,2125,Exact,25,25,91300,2000,4000.0,3.0,2000.0,Arrears & Future payments,0.0,800.0,0.0,0.0,0.0,0.0,0.0,0.0
705,9513,2121,Exact,25,25,90300,1005,5798.32,3.0,1298.0,Arrears & Future payments,0.0,0.0,0.0,0.0,0.0,0.0,0.0,0.0
706,9514,2116,Exact,25,25,10600,1007,6000.0,0.0,10700.0,Arrears,0.0,0.0,0.0,0.0,0.0,0.0,0.0,0.0
707,9518,2128,Exact,25,25,51101,1009,3000.0,2.0,1500.0,Arrears,0.0,0.0,0.0,0.0,0.0,0.0,0.0,0.0
708,9520,2121,Exact,25,25,82100,3002,4000.0,3.0,3550.0,Arrears & Future payments,0.0,2062.0,0.0,0.0,0.0,0.0,0.0,0.0
709,9521,2128,Exact,25,25,50300,1011,4000.0,2.0,5400.0,0,0.0,0.0,0.0,0.0,0.0,0.0,0.0,0.0
710,3868,2128,Non_Exact,25,25,50200,1005,1400.0,2.0,1400.0,Arrears,0.0,0.0,0.0,0.0,0.0,300.0,0.0,0.0
711,6251,2121,Non_Exact,25,25,81900,2001,6000.0,3.0,14700.0,Arrears,0.0,0.0,0.0,0.0,0.0,0.0,0.0,0.0
712,8291,2128,Non_Exact,25,25,51000,2010,3163.0,2.0,12837.0,0,0.0,1200.0,0.0,0.0,0.0,0.0,0.0,0.0
713,8410,2467,Non_Exact,25,25,130101,1009,6000.0,0.0,12135.0,Arrears,0.0,1044.0,0.0,0.0,0.0,0.0,0.0,0.0
714,8412,2136,Non_Exact,25,25,140400,5013,0.0,0.0,0.0,0,0.0,636.0,0.0,0.0,0.0,0.0,0.0,0.0
715,8501,2119,Non_Exact,25,25,80401,1017,3632.7,3.0,728.0,Arrears & Future payments,0.0,0.0,0.0,0.0,0.0,0.0,0.0,0.0
716,8551,2135,Non_Exact,25,25,402,2014,1900.0,3.0,3200.0,Arrears,0.0,1200.0,0.0,0.0,0.0,0.0,0.0,0.0
717,8789,2120,Non_Exact,25,25,81102,1003,6000.0,3.0,6075.0,Arrears,0.0,452.0,0.0,0.0,0.0,0.0,0.0,400.0
718,8864,2128,Non_Exact,25,25,50200,4000,5500.0,5.0,4400.0,Arrears,0.0,0.0,0.0,0.0,0.0,0.0,0.0,0.0
719,9108,2136,Non_Exact,25,25,140102,1003,2775.0,3.0,0.0,Arrears,0.0,2600.0,0.0,0.0,0.0,0.0,0.0,0.0
720,9243,2131,Non_Exact,25,25,110201,1000,4000.0,0.0,4800.0,0,0.0,0.0,0.0,0.0,0.0,0.0,0.0,813.0
721,9268,2131,Non_Exact,25,25,110201,1011,6000.0,0.0,5700.0,0,0.0,0.0,0.0,0.0,0.0,0.0,0.0,1100.0
722,9319,2128,Non_Exact,25,25,50101,3000,5550.0,3.0,3700.0,Arrears & Future payments,0.0,0.0,0.0,0.0,0.0,0.0,0.0,0.0
723,972,2124,0,25,25,100601,4006,5700.0,0.0,6200.0,Arrears,0.0,600.0,0.0,0.0,0.0,0.0,0.0,0.0
724,2551,2111,0,25,25,70102,2000,4000.0,1.0,2300.0,Arrears & Future payments,0.0,3539.0,0.0,0.0,0.0,0.0,0.0,0.0
725,3637,2128,0,25,25,50400,2003,0.0,0.0,1550.0,0,0.0,0.0,0.0,0.0,0.0,0.0,0.0,0.0
726,5712,2128,0,25,25,50200,2000,6000.0,3.0,7600.0,Arrears,0.0,0.0,0.0,0.0,0.0,0.0,0.0,0.0
727,6758,2128,0,25,25,50200,2001,6000.0,5.0,1450.0,0,0.0,0.0,0.0,0.0,0.0,1100.0,0.0,0.0
728,8090,2125,0,25,25,91400,2005,4000.0,4.0,3010.0,Arrears & Future payments,0.0,1684.0,0.0,0.0,0.0,784.0,0.0,0.0
729,8333,2113,0,25,25,30400,3003,4000.0,1.0,3070.8,Arrears & Future payments,0.0,2068.0,0.0,0.0,0.0,0.0,0.0,0.0
730,8342,2124,0,25,25,100100,5000,6000.0,3.0,6600.0,Arrears,0.0,0.0,0.0,0.0,0.0,0.0,0.0,0.0
731,8494,2114,0,25,25,20304,1008,5000.0,4.0,5000.0,Arrears,0.0,269.0,0.0,0.0,0.0,0.0,0.0,0.0
732,8496,2114,0,25,25,20305,2002,2505.0,1.0,0.0,Future payments,0.0,0.0,0.0,0.0,0.0,0.0,0.0,0.0
733,8543,2215,0,25,25,10205,3002,4000.0,2.0,1900.0,Arrears & Future payments,0.0,1148.0,0.0,0.0,0.0,0.0,0.0,0.0
734,8676,2124,0,25,25,91001,1004,3018.0,2.0,0.0,0,0.0,1188.0,0.0,0.0,0.0,0.0,0.0,0.0
735,8702,2136,0,25,25,140102,2001,4000.0,3.0,0.0,Future payments,0.0,0.0,0.0,0.0,0.0,0.0,0.0,0.0
736,8722,2124,0,25,25,92101,5009,0.0,0.0,3400.0,0,1500.0,0.0,0.0,0.0,0.0,0.0,0.0,0.0
737,8742,2135,0,25,25,503,1005,4000.0,3.0,950.0,Arrears,0.0,0.0,0.0,0.0,0.0,0.0,0.0,0.0
738,8828,2119,0,25,25,81301,1004,5622.0,6.0,4721.06,Arrears,0.0,1068.0,0.0,0.0,0.0,0.0,0.0,2069.0
739,8847,2126,0,25,25,100900,4001,0.0,0.0,6500.0,0,0.0,800.0,0.0,0.0,0.0,0.0,0.0,1000.0
740,8942,2122,0,25,25,92101,2012,6000.0,0.0,7600.0,Arrears,0.0,0.0,0.0,0.0,0.0,0.0,0.0,0.0
741,8985,2121,0,25,25,82000,1004,4000.0,1.0,2888.0,Arrears & Future payments,0.0,0.0,0.0,0.0,0.0,0.0,0.0,0.0
742,9020,2124,0,25,25,70104,3000,6000.0,4.0,3898.0,Arrears,0.0,0.0,0.0,0.0,0.0,0.0,0.0,0.0
743,9037,2118,0,25,25,71101,2003,6000.0,5.0,2800.0,Arrears,0.0,900.0,0.0,0.0,0.0,0.0,0.0,0.0
744,9069,2131,0,25,25,110401,2008,4200.0,2.0,5400.0,Arrears,0.0,1400.0,0.0,0.0,0.0,0.0,0.0,0.0
745,9102,2114,0,25,25,20305,2002,6000.0,3.0,6735.0,Arrears,0.0,1168.0,0.0,0.0,0.0,0.0,0.0,0.0
746,9111,2128,0,25,25,51200,1002,0.0,0.0,0.0,0,0.0,0.0,0.0,0.0,0.0,0.0,0.0,0.0
747,9140,2119,0,25,25,80500,1007,5272.0,3.0,2636.0,Arrears & Future payments,0.0,0.0,0.0,0.0,0.0,0.0,0.0,0.0
748,9192,2113,0,25,25,30400,3003,4000.0,0.0,4797.39,0,0.0,1000.0,0.0,0.0,0.0,0.0,0.0,0.0
749,9219,2127,0,25,25,60501,3003,2032.07,1.0,1990.0,Arrears,0.0,2300.0,0.0,0.0,0.0,0.0,0.0,0.0
750,9419,2128,0,25,25,50600,2007,4000.0,4.0,0.0,Arrears,0.0,0.0,0.0,0.0,0.0,0.0,0.0,0.0
751,9446,2120,0,25,25,81102,1001,6000.0,4.0,1500.0,Future payments,0.0,300.0,0.0,0.0,0.0,0.0,0.0,0.0
752,9508,2130,0,25,25,110105,1015,4000.0,3.0,3807.5,0,0.0,1352.0,0.0,0.0,0.0,0.0,0.0,0.0
