FILEID,STUSAB,SUMLEV,GEOID,GEOCODE,REGION,DIVISION,STATE,COUNTY,COUSUB,TRACT,BLKGRP,GEOID_20_BG,P0020001,P0020005,P0020006,P0020002,P0020008,P0020007,P0020009,P0020010,P0020011,P0040001,P0040005,P0040006,P0040002,P0040008,P0040007,P0040009,P0040010,P0040011,P0050001,P0050002,P0050003,P0050004,P0050005,P0050006,P0050007,P0050008,P0050009,P0050010,H0010001,H0010002,H0010003
field concept,State/US-Abbreviation (USPS),Summary Level,Geographic Record Identifier,Geographic Code Identifier,Region,Division,State (FIPS),County (FIPS),County Subdivision (FIPS),Census Tract,Block Group,GEOID 2020 block group,Total:,White alone,Black or African American alone,Hispanic or Latino,Asian alone,American Indian and Alaska Native alone,Native Hawaiian and Other Pacific Islander alone,Some Other Race alone,Population of two or more races:,Total:,White alone,Black or African American alone,Hispanic or Latino,Asian alone,American Indian and Alaska Native alone,Native Hawaiian and Other Pacific Islander alone,Some Other Race alone,Population of two or more races:,Total:,Institutionalized population:,Correctional facilities for adults,Juvenile facilities,Nursing facilities/Skilled-nursing facilities,Other institutional facilities,Noninstitutionalized population:,College/University student housing,Military quarters,Other noninstitutional facilities,Total:,Occupied,Vacant
PLST,MA,150,1500000US250250001011,2.50E+11,1,1,25,25,,101,1,2.50E+11,1052,643,54,113,180,1,0,28,33,975,604,49,100,165,0,0,25,32,0,0,0,0,0,0,0,0,0,0,422,407,15
PLST,MA,150,1500000US250250001012,2.50E+11,1,1,25,25,,101,2,2.50E+11,824,568,29,70,94,6,0,11,46,748,526,21,66,83,6,0,11,35,10,0,0,0,0,0,10,0,0,10,304,290,14
PLST,MA,150,1500000US250250001021,2.50E+11,1,1,25,25,,102,1,2.50E+11,1020,565,42,145,160,3,0,41,64,853,491,31,111,138,3,0,30,49,4,0,0,0,0,0,4,0,0,4,383,365,18
PLST,MA,150,1500000US250250001022,2.50E+11,1,1,25,25,,102,2,2.50E+11,2694,1000,256,409,723,5,2,136,163,2257,914,180,300,635,5,2,107,114,13,7,0,7,0,0,6,0,0,6,1312,1241,71
PLST,MA,150,1500000US250250002011,2.50E+11,1,1,25,25,,201,1,2.50E+11,966,650,25,97,121,0,0,16,57,861,589,25,84,100,0,0,15,48,0,0,0,0,0,0,0,0,0,0,361,354,7
PLST,MA,150,1500000US250250002012,2.50E+11,1,1,25,25,,201,2,2.50E+11,863,624,17,57,107,0,0,31,27,789,594,17,42,89,0,0,24,23,6,6,0,6,0,0,0,0,0,0,322,298,24
PLST,MA,150,1500000US250250002013,2.50E+11,1,1,25,25,,201,3,2.50E+11,1303,865,55,170,106,1,0,48,58,1157,803,38,123,102,1,0,41,49,39,0,0,0,0,0,39,0,0,39,548,528,20
PLST,MA,150,1500000US250250002014,2.50E+11,1,1,25,25,,201,4,2.50E+11,821,573,41,98,87,0,0,6,16,738,532,36,72,79,0,0,5,14,0,0,0,0,0,0,0,0,0,0,377,364,13
PLST,MA,150,1500000US250250002021,2.50E+11,1,1,25,25,,202,1,2.50E+11,828,584,23,72,102,0,0,22,25,748,538,23,65,96,0,0,14,12,12,0,0,0,0,0,12,0,0,12,361,352,9
PLST,MA,150,1500000US250250002022,2.50E+11,1,1,25,25,,202,2,2.50E+11,804,564,13,58,108,0,0,22,39,683,497,13,43,91,0,0,14,25,0,0,0,0,0,0,0,0,0,0,310,292,18
PLST,MA,150,1500000US250250002023,2.50E+11,1,1,25,25,,202,3,2.50E+11,2516,1246,185,648,326,1,0,20,90,2089,1142,139,438,290,1,0,15,64,29,0,0,0,0,0,29,0,0,29,935,895,40
PLST,MA,150,1500000US250250003011,2.50E+11,1,1,25,25,,301,1,2.50E+11,715,475,41,58,96,0,1,10,34,634,427,34,49,86,0,1,10,27,1,0,0,0,0,0,1,0,0,1,272,265,7
PLST,MA,150,1500000US250250003012,2.50E+11,1,1,25,25,,301,2,2.50E+11,831,628,27,66,86,0,0,10,14,765,583,26,56,81,0,0,9,10,99,99,0,0,99,0,0,0,0,0,322,315,7
PLST,MA,150,1500000US250250003013,2.50E+11,1,1,25,25,,301,3,2.50E+11,656,498,9,65,55,0,0,5,24,603,473,5,47,51,0,0,5,22,0,0,0,0,0,0,0,0,0,0,270,266,4
PLST,MA,150,1500000US250250003014,2.50E+11,1,1,25,25,,301,4,2.50E+11,934,617,43,76,166,0,0,5,27,870,584,42,74,142,0,0,5,23,0,0,0,0,0,0,0,0,0,0,473,444,29
PLST,MA,150,1500000US250250003021,2.50E+11,1,1,25,25,,302,1,2.50E+11,1471,1000,39,121,192,0,1,39,79,1345,941,33,100,174,0,1,29,67,8,0,0,0,0,0,8,0,0,8,616,587,29
PLST,MA,150,1500000US250250003022,2.50E+11,1,1,25,25,,302,2,2.50E+11,1601,1022,52,112,358,0,2,13,42,1477,957,52,91,327,0,2,12,36,7,0,0,0,0,0,7,0,0,7,755,736,19
PLST,MA,150,1500000US250250004011,2.50E+11,1,1,25,25,,401,1,2.50E+11,1521,1023,53,109,271,0,0,8,57,1463,1003,50,88,264,0,0,8,50,0,0,0,0,0,0,0,0,0,0,868,839,29
PLST,MA,150,1500000US250250004012,2.50E+11,1,1,25,25,,401,2,2.50E+11,1204,772,25,96,244,3,2,8,54,1132,733,24,87,223,3,2,8,52,0,0,0,0,0,0,0,0,0,0,532,515,17
PLST,MA,150,1500000US250250004013,2.50E+11,1,1,25,25,,401,3,2.50E+11,1056,715,33,98,154,0,0,9,47,917,609,30,85,138,0,0,9,46,0,0,0,0,0,0,0,0,0,0,422,404,18
PLST,MA,150,1500000US250250004014,2.50E+11,1,1,25,25,,401,4,2.50E+11,2072,1207,66,142,573,3,0,17,64,1927,1098,66,120,567,3,0,15,58,0,0,0,0,0,0,0,0,0,0,1232,1199,33
PLST,MA,150,1500000US250250004021,2.50E+11,1,1,25,25,,402,1,2.50E+11,1469,1008,33,90,272,0,0,25,41,1279,866,33,84,246,0,0,17,33,12,0,0,0,0,0,12,0,0,12,734,704,30
PLST,MA,150,1500000US250250004022,2.50E+11,1,1,25,25,,402,2,2.50E+11,967,634,33,73,161,4,0,14,48,884,589,33,65,147,4,0,11,35,119,0,0,0,0,0,119,55,0,64,373,319,54
PLST,MA,150,1500000US250250004023,2.50E+11,1,1,25,25,,402,3,2.50E+11,1208,884,27,57,177,0,0,18,45,1055,776,26,55,150,0,0,10,38,19,0,0,0,0,0,19,0,0,19,514,487,27
PLST,MA,150,1500000US250250005021,2.50E+11,1,1,25,25,,502,1,2.50E+11,1043,737,33,78,145,0,2,16,32,1012,722,33,69,142,0,2,16,28,4,0,0,0,0,0,4,0,0,4,630,604,26
PLST,MA,150,1500000US250250005022,2.50E+11,1,1,25,25,,502,2,2.50E+11,1710,1276,99,152,111,0,15,9,48,1567,1172,94,144,98,0,15,9,35,782,0,0,0,0,0,782,782,0,0,536,471,65
PLST,MA,150,1500000US250250005023,2.50E+11,1,1,25,25,,502,3,2.50E+11,1577,1051,37,114,322,1,0,9,43,1523,1023,37,103,316,0,0,9,35,5,0,0,0,0,0,5,0,0,5,986,949,37
PLST,MA,150,1500000US250250005024,2.50E+11,1,1,25,25,,502,4,2.50E+11,2656,2094,174,187,112,26,5,0,58,2642,2080,174,187,112,26,5,0,58,2656,0,0,0,0,0,2656,2656,0,0,0,0,0
PLST,MA,150,1500000US250250005031,2.50E+11,1,1,25,25,,503,1,2.50E+11,787,523,27,84,113,1,0,2,37,753,507,26,78,107,1,0,2,32,0,0,0,0,0,0,0,0,0,0,428,394,34
PLST,MA,150,1500000US250250005032,2.50E+11,1,1,25,25,,503,2,2.50E+11,1631,1098,55,128,268,6,0,12,64,1587,1076,55,125,260,3,0,9,59,0,0,0,0,0,0,0,0,0,0,1051,1018,33
PLST,MA,150,1500000US250250005051,2.50E+11,1,1,25,25,,505,1,2.50E+11,809,508,42,89,137,0,0,12,21,775,494,41,83,127,0,0,11,19,0,0,0,0,0,0,0,0,0,0,465,458,7
PLST,MA,150,1500000US250250005052,2.50E+11,1,1,25,25,,505,2,2.50E+11,888,538,60,103,139,0,0,11,37,846,518,60,86,139,0,0,11,32,0,0,0,0,0,0,0,0,0,0,429,402,27
PLST,MA,150,1500000US250250005053,2.50E+11,1,1,25,25,,505,3,2.50E+11,499,337,40,51,52,0,0,0,19,458,318,34,38,49,0,0,0,19,141,141,0,0,141,0,0,0,0,0,190,189,1
PLST,MA,150,1500000US250250005061,2.50E+11,1,1,25,25,,506,1,2.50E+11,1478,1016,37,97,287,1,0,5,35,1419,985,37,86,281,1,0,5,24,0,0,0,0,0,0,0,0,0,0,866,834,32
PLST,MA,150,1500000US250250005062,2.50E+11,1,1,25,25,,506,2,2.50E+11,1417,984,38,110,190,5,0,13,77,1353,955,36,103,182,5,0,9,63,10,0,0,0,0,0,10,0,0,10,774,735,39
PLST,MA,150,1500000US250250006011,2.50E+11,1,1,25,25,,601,1,2.50E+11,685,401,22,78,157,2,0,0,25,641,389,15,64,155,2,0,0,16,101,26,0,0,26,0,75,0,0,75,224,207,17
PLST,MA,150,1500000US250250006012,2.50E+11,1,1,25,25,,601,2,2.50E+11,1211,798,39,109,194,1,0,8,62,1093,734,36,87,180,1,0,6,49,0,0,0,0,0,0,0,0,0,0,560,545,15
PLST,MA,150,1500000US250250006013,2.50E+11,1,1,25,25,,601,3,2.50E+11,846,559,6,85,126,0,0,16,54,754,519,6,58,120,0,0,9,42,0,0,0,0,0,0,0,0,0,0,301,280,21
PLST,MA,150,1500000US250250006014,2.50E+11,1,1,25,25,,601,4,2.50E+11,1016,575,26,130,209,0,1,25,50,929,541,22,109,192,0,1,19,45,0,0,0,0,0,0,0,0,0,0,525,510,15
PLST,MA,150,1500000US250250006031,2.50E+11,1,1,25,25,,603,1,2.50E+11,1757,401,396,445,420,0,0,10,85,1460,388,287,317,383,0,0,9,76,56,56,0,0,0,56,0,0,0,0,1012,866,146
PLST,MA,150,1500000US250250006041,2.50E+11,1,1,25,25,,604,1,2.50E+11,1519,764,87,235,320,1,1,26,85,1395,736,79,198,297,1,1,19,64,10,0,0,0,0,0,10,0,0,10,709,679,30
PLST,MA,150,1500000US250250006042,2.50E+11,1,1,25,25,,604,2,2.50E+11,1072,613,23,126,230,0,0,25,55,995,594,22,98,212,0,0,24,45,0,0,0,0,0,0,0,0,0,0,628,614,14
PLST,MA,150,1500000US250250007011,2.50E+11,1,1,25,25,,701,1,2.50E+11,616,406,6,53,96,0,0,12,43,593,401,5,48,92,0,0,12,35,0,0,0,0,0,0,0,0,0,0,317,305,12
PLST,MA,150,1500000US250250007012,2.50E+11,1,1,25,25,,701,2,2.50E+11,869,541,36,46,204,0,0,12,30,839,534,27,43,195,0,0,12,28,0,0,0,0,0,0,0,0,0,0,512,493,19
PLST,MA,150,1500000US250250007013,2.50E+11,1,1,25,25,,701,3,2.50E+11,1521,914,42,123,379,0,0,8,55,1457,890,42,112,358,0,0,4,51,0,0,0,0,0,0,0,0,0,0,777,773,4
PLST,MA,150,1500000US250250007014,2.50E+11,1,1,25,25,,701,4,2.50E+11,1511,783,61,197,366,3,0,15,86,1430,767,53,169,347,3,0,12,79,8,0,0,0,0,0,8,0,0,8,778,733,45
PLST,MA,150,1500000US250250007031,2.50E+11,1,1,25,25,,703,1,2.50E+11,1045,476,66,115,331,1,0,12,44,1007,467,63,108,318,1,0,11,39,4,0,0,0,0,0,4,0,0,4,698,661,37
PLST,MA,150,1500000US250250007032,2.50E+11,1,1,25,25,,703,2,2.50E+11,1397,774,33,133,395,2,0,3,57,1353,749,32,121,393,2,0,2,54,8,0,0,0,0,0,8,0,0,8,677,654,23
PLST,MA,150,1500000US250250007041,2.50E+11,1,1,25,25,,704,1,2.50E+11,1814,965,69,226,447,1,3,20,83,1690,911,66,181,435,0,3,19,75,13,0,0,0,0,0,13,0,0,13,811,787,24
PLST,MA,150,1500000US250250007042,2.50E+11,1,1,25,25,,704,2,2.50E+11,1299,659,39,124,405,1,1,14,56,1226,628,32,110,389,0,0,13,54,0,0,0,0,0,0,0,0,0,0,732,695,37
PLST,MA,150,1500000US250250007043,2.50E+11,1,1,25,25,,704,3,2.50E+11,1122,630,45,79,315,0,0,9,44,1073,613,38,74,305,0,0,4,39,0,0,0,0,0,0,0,0,0,0,644,615,29
PLST,MA,150,1500000US250250007044,2.50E+11,1,1,25,25,,704,4,2.50E+11,1077,415,134,270,220,0,0,15,23,940,391,107,218,189,0,0,13,22,0,0,0,0,0,0,0,0,0,0,548,548,0
PLST,MA,150,1500000US250250008041,2.50E+11,1,1,25,25,,804,1,2.50E+11,2027,812,151,413,496,1,3,36,115,1739,737,105,307,459,0,3,31,97,22,0,0,0,0,0,22,0,0,22,848,797,51
PLST,MA,150,1500000US250250008042,2.50E+11,1,1,25,25,,804,2,2.50E+11,1786,849,66,405,328,4,1,34,99,1559,790,62,317,295,0,1,22,72,0,0,0,0,0,0,0,0,0,0,676,647,29
PLST,MA,150,1500000US250250008051,2.50E+11,1,1,25,25,,805,1,2.50E+11,1797,919,61,173,528,0,0,17,99,1691,875,51,153,504,0,0,17,91,0,0,0,0,0,0,0,0,0,0,785,735,50
PLST,MA,150,1500000US250250008052,2.50E+11,1,1,25,25,,805,2,2.50E+11,1136,484,38,233,299,1,0,32,49,1006,446,33,182,276,0,0,24,45,0,0,0,0,0,0,0,0,0,0,496,442,54
PLST,MA,150,1500000US250250008053,2.50E+11,1,1,25,25,,805,3,2.50E+11,1683,791,77,126,610,3,0,15,61,1630,782,75,107,599,3,0,12,52,559,0,0,0,0,0,559,559,0,0,675,628,47
PLST,MA,150,1500000US250250008061,2.50E+11,1,1,25,25,,806,1,2.50E+11,53,26,2,10,2,0,1,2,10,45,22,2,10,1,0,1,2,7,0,0,0,0,0,0,0,0,0,0,16,16,0
PLST,MA,150,1500000US250250008062,2.50E+11,1,1,25,25,,806,2,2.50E+11,1901,919,146,195,527,0,3,8,103,1790,879,144,173,498,0,3,8,85,475,0,0,0,0,0,475,475,0,0,1038,772,266
PLST,MA,150,1500000US250250008063,2.50E+11,1,1,25,25,,806,3,2.50E+11,18,4,2,3,1,0,0,0,8,9,3,2,0,0,0,0,0,4,0,0,0,0,0,0,0,0,0,0,1,0,1
PLST,MA,150,1500000US250250008071,2.50E+11,1,1,25,25,,807,1,2.50E+11,2282,1225,204,210,520,0,10,0,113,2269,1223,201,203,520,0,10,0,112,2180,0,0,0,0,0,2180,2180,0,0,40,40,0
PLST,MA,150,1500000US250250101031,2.50E+11,1,1,25,25,,10103,1,2.50E+11,2126,1176,157,208,498,5,0,29,53,2117,1170,157,208,496,5,0,28,53,1776,0,0,0,0,0,1776,1774,0,2,278,278,0
PLST,MA,150,1500000US250250101032,2.50E+11,1,1,25,25,,10103,2,2.50E+11,1200,627,88,183,244,7,1,14,36,1187,623,88,183,242,3,1,13,34,1094,0,0,0,0,0,1094,1091,0,3,52,44,8
PLST,MA,150,1500000US250250101033,2.50E+11,1,1,25,25,,10103,3,2.50E+11,1371,858,107,122,200,1,3,12,68,1363,855,107,122,200,1,3,9,66,1286,0,0,0,0,0,1286,1286,0,0,90,44,46
PLST,MA,150,1500000US250250101041,2.50E+11,1,1,25,25,,10104,1,2.50E+11,1398,991,28,118,194,5,0,9,53,1332,947,28,114,183,4,0,6,50,91,0,0,0,0,0,91,91,0,0,849,782,67
PLST,MA,150,1500000US250250101042,2.50E+11,1,1,25,25,,10104,2,2.50E+11,2503,1504,112,320,436,7,1,17,106,2480,1487,112,317,435,7,1,15,106,1674,0,0,0,0,0,1674,1674,0,0,583,520,63
PLST,MA,150,1500000US250250101043,2.50E+11,1,1,25,25,,10104,3,2.50E+11,1162,640,44,95,332,7,0,12,32,1134,622,44,92,328,7,0,10,31,210,0,0,0,0,0,210,195,0,15,693,661,32
PLST,MA,150,1500000US250250102041,2.50E+11,1,1,25,25,,10204,1,2.50E+11,1131,435,71,103,421,0,7,22,72,1105,430,67,99,413,0,7,21,68,832,0,0,0,0,0,832,832,0,0,235,201,34
PLST,MA,150,1500000US250250102042,2.50E+11,1,1,25,25,,10204,2,2.50E+11,1344,720,65,85,418,0,5,2,49,1318,712,63,80,412,0,3,2,46,616,0,0,0,0,0,616,616,0,0,482,418,64
PLST,MA,150,1500000US250250102043,2.50E+11,1,1,25,25,,10204,3,2.50E+11,968,535,32,77,258,0,0,8,58,923,509,27,74,251,0,0,7,55,32,0,0,0,0,0,32,15,0,17,621,546,75
PLST,MA,150,1500000US250250102051,2.50E+11,1,1,25,25,,10205,1,2.50E+11,1260,618,91,118,367,3,0,10,53,1198,603,85,100,353,1,0,9,47,53,53,53,0,0,0,0,0,0,0,866,821,45
PLST,MA,150,1500000US250250102052,2.50E+11,1,1,25,25,,10205,2,2.50E+11,920,441,45,87,298,4,0,7,38,897,436,37,87,297,1,0,7,32,82,0,0,0,0,0,82,82,0,0,571,533,38
PLST,MA,150,1500000US250250102053,2.50E+11,1,1,25,25,,10205,3,2.50E+11,1644,747,44,140,633,0,0,7,73,1548,708,40,138,592,0,0,7,63,0,0,0,0,0,0,0,0,0,0,1118,989,129
PLST,MA,150,1500000US250250102054,2.50E+11,1,1,25,25,,10205,4,2.50E+11,1082,537,37,72,369,0,0,19,48,1003,493,36,61,352,0,0,19,42,0,0,0,0,0,0,0,0,0,0,717,620,97
PLST,MA,150,1500000US250250102061,2.50E+11,1,1,25,25,,10206,1,2.50E+11,879,529,19,125,179,0,0,1,26,846,508,17,122,174,0,0,1,24,0,0,0,0,0,0,0,0,0,0,651,607,44
PLST,MA,150,1500000US250250102062,2.50E+11,1,1,25,25,,10206,2,2.50E+11,1275,511,31,98,570,0,0,8,57,1229,497,31,85,557,0,0,4,55,15,0,0,0,0,0,15,0,0,15,733,684,49
PLST,MA,150,1500000US250250103001,2.50E+11,1,1,25,25,,10300,1,2.50E+11,1638,1097,91,196,199,0,3,8,44,1610,1096,78,186,196,0,3,7,44,1328,0,0,0,0,0,1328,1328,0,0,192,170,22
PLST,MA,150,1500000US250250103002,2.50E+11,1,1,25,25,,10300,2,2.50E+11,3548,2487,238,290,409,4,1,11,108,3532,2485,238,283,408,4,1,10,103,3296,0,0,0,0,0,3296,3296,0,0,174,147,27
PLST,MA,150,1500000US250250104031,2.50E+11,1,1,25,25,,10403,1,2.50E+11,1347,570,144,139,422,0,0,8,64,1283,556,136,116,417,0,0,7,51,0,0,0,0,0,0,0,0,0,0,949,871,78
PLST,MA,150,1500000US250250104032,2.50E+11,1,1,25,25,,10403,2,2.50E+11,998,509,72,131,240,0,0,0,46,971,507,66,118,236,0,0,0,44,0,0,0,0,0,0,0,0,0,0,676,648,28
PLST,MA,150,1500000US250250104033,2.50E+11,1,1,25,25,,10403,3,2.50E+11,834,492,30,62,197,1,2,13,37,787,467,30,51,191,1,0,13,34,0,0,0,0,0,0,0,0,0,0,578,520,58
PLST,MA,150,1500000US250250104041,2.50E+11,1,1,25,25,,10404,1,2.50E+11,1744,1023,141,181,300,0,5,6,88,1701,1020,131,168,288,0,5,6,83,1248,0,0,0,0,0,1248,1185,0,63,300,243,57
PLST,MA,150,1500000US250250104042,2.50E+11,1,1,25,25,,10404,2,2.50E+11,1861,1085,134,175,361,0,12,0,94,1815,1073,123,170,346,0,12,0,91,1139,0,0,0,0,0,1139,1139,0,0,463,382,81
PLST,MA,150,1500000US250250104043,2.50E+11,1,1,25,25,,10404,3,2.50E+11,1403,686,102,118,444,0,7,12,34,1365,677,89,113,439,0,7,12,28,230,0,0,0,0,0,230,230,0,0,731,676,55
PLST,MA,150,1500000US250250104044,2.50E+11,1,1,25,25,,10404,4,2.50E+11,739,497,17,61,142,0,0,1,21,728,487,17,61,142,0,0,1,20,0,0,0,0,0,0,0,0,0,0,402,369,33
PLST,MA,150,1500000US250250104051,2.50E+11,1,1,25,25,,10405,1,2.50E+11,4004,2458,392,198,631,0,0,122,203,3948,2434,380,183,630,0,0,120,201,3662,0,0,0,0,0,3662,3578,0,84,153,127,26
PLST,MA,150,1500000US250250104052,2.50E+11,1,1,25,25,,10405,2,2.50E+11,2357,1196,222,271,503,4,0,42,119,2278,1180,214,245,489,4,0,39,107,1173,0,0,0,0,0,1173,1172,0,1,646,614,32
PLST,MA,150,1500000US250250104053,2.50E+11,1,1,25,25,,10405,3,2.50E+11,492,139,69,78,198,1,0,0,7,481,139,69,68,197,1,0,0,7,261,261,0,0,261,0,0,0,0,0,206,171,35
PLST,MA,150,1500000US250250104081,2.50E+11,1,1,25,25,,10408,1,2.50E+11,1438,821,39,194,311,0,0,8,65,1389,805,37,173,305,0,0,8,61,0,0,0,0,0,0,0,0,0,0,981,903,78
PLST,MA,150,1500000US250250105001,2.50E+11,1,1,25,25,,10500,1,2.50E+11,1816,1055,123,177,359,1,0,7,94,1774,1040,120,169,352,1,0,7,85,790,0,0,0,0,0,790,790,0,0,740,561,179
PLST,MA,150,1500000US250250105002,2.50E+11,1,1,25,25,,10500,2,2.50E+11,1208,516,41,63,522,4,3,13,46,1158,496,39,60,510,4,3,12,34,269,219,0,0,219,0,50,50,0,0,598,549,49
PLST,MA,150,1500000US250250105003,2.50E+11,1,1,25,25,,10500,3,2.50E+11,852,515,142,60,106,0,0,10,19,765,476,112,54,102,0,0,7,14,0,0,0,0,0,0,0,0,0,0,602,544,58
PLST,MA,150,1500000US250250106001,2.50E+11,1,1,25,25,,10600,1,2.50E+11,1330,923,69,88,188,0,1,6,55,1252,872,68,78,183,0,1,5,45,0,0,0,0,0,0,0,0,0,0,930,840,90
PLST,MA,150,1500000US250250106002,2.50E+11,1,1,25,25,,10600,2,2.50E+11,1574,1151,32,82,255,0,0,3,51,1436,1054,30,77,226,0,0,3,46,0,0,0,0,0,0,0,0,0,0,1101,955,146
PLST,MA,150,1500000US250250106003,2.50E+11,1,1,25,25,,10600,3,2.50E+11,625,398,48,79,64,0,0,3,33,551,373,39,58,58,0,0,3,20,19,0,0,0,0,0,19,0,0,19,500,360,140
PLST,MA,150,1500000US250250107011,2.50E+11,1,1,25,25,,10701,1,2.50E+11,1057,759,29,77,127,0,0,3,62,997,720,29,75,113,0,0,3,57,264,0,0,0,0,0,264,264,0,0,557,484,73
PLST,MA,150,1500000US250250107012,2.50E+11,1,1,25,25,,10701,2,2.50E+11,705,581,13,21,67,0,0,4,19,666,546,13,20,64,0,0,4,19,21,0,0,0,0,0,21,21,0,0,466,413,53
PLST,MA,150,1500000US250250107013,2.50E+11,1,1,25,25,,10701,3,2.50E+11,781,623,11,63,46,0,0,6,32,742,594,11,60,45,0,0,6,26,13,0,0,0,0,0,13,0,0,13,558,506,52
PLST,MA,150,1500000US250250107021,2.50E+11,1,1,25,25,,10702,1,2.50E+11,830,663,17,56,60,1,0,1,32,784,629,17,51,56,1,0,1,29,42,0,0,0,0,0,42,29,0,13,573,498,75
PLST,MA,150,1500000US250250107022,2.50E+11,1,1,25,25,,10702,2,2.50E+11,520,430,7,35,29,0,0,3,16,488,404,7,32,27,0,0,3,15,0,0,0,0,0,0,0,0,0,0,375,330,45
PLST,MA,150,1500000US250250107023,2.50E+11,1,1,25,25,,10702,3,2.50E+11,978,763,28,66,65,3,0,10,43,894,701,26,59,62,3,0,8,35,73,0,0,0,0,0,73,0,0,73,647,514,133
PLST,MA,150,1500000US250250108011,2.50E+11,1,1,25,25,,10801,1,2.50E+11,740,496,74,95,50,0,0,8,17,710,472,74,94,48,0,0,8,14,231,0,0,0,0,0,231,231,0,0,333,289,44
PLST,MA,150,1500000US250250108012,2.50E+11,1,1,25,25,,10801,2,2.50E+11,967,803,11,53,75,2,0,1,22,917,773,11,47,69,0,0,1,16,50,50,0,0,50,0,0,0,0,0,654,596,58
PLST,MA,150,1500000US250250108013,2.50E+11,1,1,25,25,,10801,3,2.50E+11,1149,936,1,54,112,1,0,1,44,1084,884,1,52,109,0,0,1,37,0,0,0,0,0,0,0,0,0,0,827,744,83
PLST,MA,150,1500000US250250108021,2.50E+11,1,1,25,25,,10802,1,2.50E+11,1069,847,7,68,93,2,0,3,49,974,791,7,58,86,2,0,3,27,65,0,0,0,0,0,65,65,0,0,669,592,77
PLST,MA,150,1500000US250250108022,2.50E+11,1,1,25,25,,10802,2,2.50E+11,1391,1114,22,60,143,0,0,9,43,1288,1059,22,38,133,0,0,8,28,42,0,0,0,0,0,42,37,0,5,943,843,100
PLST,MA,150,1500000US250250108023,2.50E+11,1,1,25,25,,10802,3,2.50E+11,598,492,15,11,45,2,0,8,25,562,465,15,9,43,2,0,4,24,0,0,0,0,0,0,0,0,0,0,451,388,63
PLST,MA,150,1500000US250250201011,2.50E+11,1,1,25,25,,20101,1,2.50E+11,804,713,10,31,23,0,0,1,26,689,618,10,19,23,0,0,1,18,10,0,0,0,0,0,10,0,0,10,468,391,77
PLST,MA,150,1500000US250250201012,2.50E+11,1,1,25,25,,20101,2,2.50E+11,935,813,15,38,31,0,0,4,34,866,763,15,34,28,0,0,4,22,0,0,0,0,0,0,0,0,0,0,702,585,117
PLST,MA,150,1500000US250250201013,2.50E+11,1,1,25,25,,20101,3,2.50E+11,1253,1073,9,43,67,0,0,12,49,1111,953,9,39,63,0,0,11,36,22,0,0,0,0,0,22,0,0,22,766,682,84
PLST,MA,150,1500000US250250201014,2.50E+11,1,1,25,25,,20101,4,2.50E+11,1243,1044,10,55,89,0,0,8,37,1146,968,10,55,85,0,0,7,21,0,0,0,0,0,0,0,0,0,0,809,742,67
PLST,MA,150,1500000US250250202001,2.50E+11,1,1,25,25,,20200,1,2.50E+11,1259,917,50,99,142,0,0,4,47,1216,897,47,93,141,0,0,4,34,0,0,0,0,0,0,0,0,0,0,893,839,54
PLST,MA,150,1500000US250250202002,2.50E+11,1,1,25,25,,20200,2,2.50E+11,1319,959,95,100,112,0,1,2,50,1244,919,81,97,109,0,1,1,36,0,0,0,0,0,0,0,0,0,0,854,802,52
PLST,MA,150,1500000US250250202003,2.50E+11,1,1,25,25,,20200,3,2.50E+11,1226,994,21,70,75,1,0,7,58,1148,941,17,56,75,1,0,7,51,0,0,0,0,0,0,0,0,0,0,740,698,42
PLST,MA,150,1500000US250250203011,2.50E+11,1,1,25,25,,20301,1,2.50E+11,2166,1288,60,143,581,0,0,11,83,2023,1207,57,131,547,0,0,11,70,16,0,0,0,0,0,16,0,0,16,1457,1335,122
PLST,MA,150,1500000US250250203021,2.50E+11,1,1,25,25,,20302,1,2.50E+11,1293,1007,42,100,90,0,0,8,46,1179,920,42,81,90,0,0,8,38,1,0,0,0,0,0,1,0,0,1,803,744,59
PLST,MA,150,1500000US250250203041,2.50E+11,1,1,25,25,,20304,1,2.50E+11,1283,935,52,124,125,1,0,9,37,1160,869,44,94,122,1,0,8,22,0,0,0,0,0,0,0,0,0,0,827,764,63
PLST,MA,150,1500000US250250203042,2.50E+11,1,1,25,25,,20304,2,2.50E+11,623,334,59,69,108,1,1,11,40,580,318,59,58,103,1,1,11,29,91,57,0,0,0,57,34,0,0,34,329,285,44
PLST,MA,150,1500000US250250203051,2.50E+11,1,1,25,25,,20305,1,2.50E+11,1378,863,58,111,260,3,0,32,51,1282,813,54,97,249,3,0,29,37,37,34,34,0,0,0,3,0,0,3,1135,766,369
PLST,MA,150,1500000US250250203052,2.50E+11,1,1,25,25,,20305,2,2.50E+11,2255,1513,109,166,365,4,0,22,76,2053,1413,89,151,325,4,0,18,53,0,0,0,0,0,0,0,0,0,0,1495,1422,73
PLST,MA,150,1500000US250250301001,2.50E+11,1,1,25,25,,30100,1,2.50E+11,1197,1037,12,64,42,0,2,5,35,1142,1000,7,54,40,0,2,5,34,0,0,0,0,0,0,0,0,0,0,785,723,62
PLST,MA,150,1500000US250250301002,2.50E+11,1,1,25,25,,30100,2,2.50E+11,918,805,14,37,43,0,0,0,19,881,782,11,28,42,0,0,0,18,3,0,0,0,0,0,3,0,0,3,596,568,28
PLST,MA,150,1500000US250250302001,2.50E+11,1,1,25,25,,30200,1,2.50E+11,825,703,3,50,35,0,1,2,31,799,690,3,45,35,0,1,0,25,0,0,0,0,0,0,0,0,0,0,522,497,25
PLST,MA,150,1500000US250250302002,2.50E+11,1,1,25,25,,30200,2,2.50E+11,990,855,10,55,41,0,0,1,28,943,822,10,48,40,0,0,0,23,0,0,0,0,0,0,0,0,0,0,621,591,30
PLST,MA,150,1500000US250250303011,2.50E+11,1,1,25,25,,30301,1,2.50E+11,1103,917,0,33,135,0,2,4,12,1006,855,0,28,109,0,2,4,8,0,0,0,0,0,0,0,0,0,0,723,646,77
PLST,MA,150,1500000US250250303012,2.50E+11,1,1,25,25,,30301,2,2.50E+11,282,237,4,19,5,0,1,6,10,252,217,4,15,5,0,1,6,4,3,0,0,0,0,0,3,0,0,3,178,137,41
PLST,MA,150,1500000US250250303021,2.50E+11,1,1,25,25,,30302,1,2.50E+11,1844,1300,103,157,195,2,0,13,74,1745,1238,103,132,189,2,0,12,69,523,0,0,0,0,0,523,334,0,189,1249,868,381
PLST,MA,150,1500000US250250304001,2.50E+11,1,1,25,25,,30400,1,2.50E+11,599,512,5,20,29,0,0,6,27,560,479,5,15,29,0,0,6,26,0,0,0,0,0,0,0,0,0,0,388,338,50
PLST,MA,150,1500000US250250304002,2.50E+11,1,1,25,25,,30400,2,2.50E+11,1025,882,10,60,33,4,0,6,30,980,849,10,54,32,4,0,5,26,12,0,0,0,0,0,12,0,0,12,658,623,35
PLST,MA,150,1500000US250250304003,2.50E+11,1,1,25,25,,30400,3,2.50E+11,978,844,10,35,48,0,0,5,36,957,829,10,30,47,0,0,5,36,9,0,0,0,0,0,9,0,0,9,650,587,63
PLST,MA,150,1500000US250250304004,2.50E+11,1,1,25,25,,30400,4,2.50E+11,1558,1273,44,118,61,2,0,9,51,1415,1172,44,88,60,2,0,7,42,41,41,0,0,41,0,0,0,0,0,940,873,67
PLST,MA,150,1500000US250250305001,2.50E+11,1,1,25,25,,30500,1,2.50E+11,823,691,13,32,50,0,0,4,33,773,650,13,30,47,0,0,3,30,123,0,0,0,0,0,123,0,116,7,458,380,78
PLST,MA,150,1500000US250250305002,2.50E+11,1,1,25,25,,30500,2,2.50E+11,1067,972,12,26,31,1,1,3,21,1006,922,11,26,31,0,1,2,13,1,0,0,0,0,0,1,0,0,1,698,651,47
PLST,MA,150,1500000US250250305003,2.50E+11,1,1,25,25,,30500,3,2.50E+11,825,732,8,31,27,0,1,4,22,780,693,8,27,27,0,1,4,20,0,0,0,0,0,0,0,0,0,0,516,483,33
PLST,MA,150,1500000US250250401001,2.50E+11,1,1,25,25,,40100,1,2.50E+11,1052,897,14,60,47,1,0,5,28,910,776,14,52,44,1,0,4,19,30,0,0,0,0,0,30,0,30,0,561,538,23
PLST,MA,150,1500000US250250401002,2.50E+11,1,1,25,25,,40100,2,2.50E+11,1308,1154,3,39,47,2,0,11,52,1113,1008,3,27,38,2,0,10,25,0,0,0,0,0,0,0,0,0,0,694,663,31
PLST,MA,150,1500000US250250402001,2.50E+11,1,1,25,25,,40200,1,2.50E+11,636,119,180,265,33,3,0,5,31,404,74,106,167,31,0,0,5,21,0,0,0,0,0,0,0,0,0,0,297,248,49
PLST,MA,150,1500000US250250402002,2.50E+11,1,1,25,25,,40200,2,2.50E+11,958,718,17,115,58,1,1,7,41,752,589,13,67,52,0,1,5,25,0,0,0,0,0,0,0,0,0,0,407,391,16
PLST,MA,150,1500000US250250403001,2.50E+11,1,1,25,25,,40300,1,2.50E+11,774,218,189,264,62,0,0,7,34,547,196,98,167,59,0,0,7,20,0,0,0,0,0,0,0,0,0,0,371,361,10
PLST,MA,150,1500000US250250403002,2.50E+11,1,1,25,25,,40300,2,2.50E+11,1486,1227,27,124,34,0,0,11,63,1180,1012,15,71,27,0,0,6,49,0,0,0,0,0,0,0,0,0,0,666,625,41
PLST,MA,150,1500000US250250403003,2.50E+11,1,1,25,25,,40300,3,2.50E+11,739,659,6,34,18,0,0,3,19,607,543,6,21,18,0,0,3,16,7,0,0,0,0,0,7,0,0,7,367,356,11
PLST,MA,150,1500000US250250403004,2.50E+11,1,1,25,25,,40300,4,2.50E+11,699,648,1,19,6,0,0,0,25,577,544,1,11,6,0,0,0,15,0,0,0,0,0,0,0,0,0,0,338,324,14
PLST,MA,150,1500000US250250403005,2.50E+11,1,1,25,25,,40300,5,2.50E+11,827,754,3,24,18,0,0,0,28,663,611,1,11,18,0,0,0,22,0,0,0,0,0,0,0,0,0,0,373,355,18
PLST,MA,150,1500000US250250404011,2.50E+11,1,1,25,25,,40401,1,2.50E+11,1957,1383,55,145,329,0,0,19,26,1602,1168,45,108,249,0,0,13,19,55,55,0,0,55,0,0,0,0,0,825,805,20
PLST,MA,150,1500000US250250404012,2.50E+11,1,1,25,25,,40401,2,2.50E+11,965,823,13,59,25,0,0,5,40,782,677,11,43,22,0,0,3,26,0,0,0,0,0,0,0,0,0,0,485,451,34
PLST,MA,150,1500000US250250406001,2.50E+11,1,1,25,25,,40600,1,2.50E+11,1760,1273,78,135,200,1,0,6,67,1545,1142,66,105,176,1,0,6,49,18,0,0,0,0,0,18,0,0,18,1095,903,192
PLST,MA,150,1500000US250250406002,2.50E+11,1,1,25,25,,40600,2,2.50E+11,1923,1708,11,67,66,1,1,0,69,1630,1461,11,52,58,1,1,0,46,0,0,0,0,0,0,0,0,0,0,924,902,22
PLST,MA,150,1500000US250250408011,2.50E+11,1,1,25,25,,40801,1,2.50E+11,1190,157,328,535,77,4,2,17,70,821,132,221,346,62,4,2,12,42,0,0,0,0,0,0,0,0,0,0,533,501,32
PLST,MA,150,1500000US250250408012,2.50E+11,1,1,25,25,,40801,2,2.50E+11,765,132,33,113,457,3,0,1,26,585,97,23,69,386,3,0,0,7,0,0,0,0,0,0,0,0,0,0,266,255,11
PLST,MA,150,1500000US250250408013,2.50E+11,1,1,25,25,,40801,3,2.50E+11,2081,1756,32,77,169,0,0,1,46,1943,1659,28,70,154,0,0,1,31,0,0,0,0,0,0,0,0,0,0,1323,1254,69
PLST,MA,150,1500000US250250501011,2.50E+11,1,1,25,25,,50101,1,2.50E+11,1643,384,33,1090,93,0,0,8,35,1267,355,28,784,77,0,0,1,22,0,0,0,0,0,0,0,0,0,0,563,522,41
PLST,MA,150,1500000US250250501012,2.50E+11,1,1,25,25,,50101,2,2.50E+11,1389,328,76,828,99,0,4,16,38,1075,291,49,601,89,0,4,11,30,13,0,0,0,0,0,13,0,0,13,628,591,37
PLST,MA,150,1500000US250250501013,2.50E+11,1,1,25,25,,50101,3,2.50E+11,1885,530,67,1140,61,2,3,19,63,1466,465,60,819,52,2,0,18,50,26,0,0,0,0,0,26,0,0,26,687,646,41
PLST,MA,150,1500000US250250502001,2.50E+11,1,1,25,25,,50200,1,2.50E+11,2140,580,57,1314,82,6,1,34,66,1659,501,52,968,59,6,1,23,49,0,0,0,0,0,0,0,0,0,0,785,715,70
PLST,MA,150,1500000US250250502002,2.50E+11,1,1,25,25,,50200,2,2.50E+11,1238,440,24,658,55,2,1,18,40,991,380,23,492,48,1,1,12,34,9,0,0,0,0,0,9,0,0,9,556,511,45
PLST,MA,150,1500000US250250502003,2.50E+11,1,1,25,25,,50200,3,2.50E+11,788,226,18,478,24,2,0,13,27,636,202,17,363,24,2,0,10,18,0,0,0,0,0,0,0,0,0,0,286,271,15
PLST,MA,150,1500000US250250502004,2.50E+11,1,1,25,25,,50200,4,2.50E+11,1031,221,22,718,13,5,1,13,38,791,195,22,518,13,0,1,10,32,0,0,0,0,0,0,0,0,0,0,367,353,14
PLST,MA,150,1500000US250250503001,2.50E+11,1,1,25,25,,50300,1,2.50E+11,1475,661,94,529,113,3,0,20,55,1244,614,69,392,102,3,0,20,44,36,12,0,12,0,0,24,0,0,24,805,720,85
PLST,MA,150,1500000US250250503002,2.50E+11,1,1,25,25,,50300,2,2.50E+11,777,163,81,397,101,0,0,3,32,596,120,65,300,87,0,0,2,22,0,0,0,0,0,0,0,0,0,0,317,311,6
PLST,MA,150,1500000US250250503003,2.50E+11,1,1,25,25,,50300,3,2.50E+11,1006,427,108,281,140,2,0,9,39,937,408,103,244,138,2,0,8,34,0,0,0,0,0,0,0,0,0,0,807,669,138
PLST,MA,150,1500000US250250504001,2.50E+11,1,1,25,25,,50400,1,2.50E+11,603,163,22,320,40,0,0,17,41,498,144,19,251,33,0,0,15,36,0,0,0,0,0,0,0,0,0,0,235,218,17
PLST,MA,150,1500000US250250504002,2.50E+11,1,1,25,25,,50400,2,2.50E+11,1769,927,19,649,79,2,1,43,49,1523,856,17,496,74,2,0,40,38,0,0,0,0,0,0,0,0,0,0,876,815,61
PLST,MA,150,1500000US250250505001,2.50E+11,1,1,25,25,,50500,1,2.50E+11,2174,932,45,944,103,0,0,25,125,1820,858,44,707,97,0,0,20,94,0,0,0,0,0,0,0,0,0,0,972,921,51
PLST,MA,150,1500000US250250505002,2.50E+11,1,1,25,25,,50500,2,2.50E+11,0,0,0,0,0,0,0,0,0,0,0,0,0,0,0,0,0,0,0,0,0,0,0,0,0,0,0,0,0,0,0
PLST,MA,150,1500000US250250506001,2.50E+11,1,1,25,25,,50600,1,2.50E+11,1162,364,22,719,26,0,0,10,21,960,333,19,559,24,0,0,6,19,0,0,0,0,0,0,0,0,0,0,487,449,38
PLST,MA,150,1500000US250250506002,2.50E+11,1,1,25,25,,50600,2,2.50E+11,912,337,24,449,56,3,1,15,27,752,295,21,355,51,0,0,10,20,0,0,0,0,0,0,0,0,0,0,392,384,8
PLST,MA,150,1500000US250250507001,2.50E+11,1,1,25,25,,50700,1,2.50E+11,1766,485,48,1081,52,5,1,43,51,1369,416,41,797,42,5,1,24,43,6,0,0,0,0,0,6,0,0,6,663,614,49
PLST,MA,150,1500000US250250507002,2.50E+11,1,1,25,25,,50700,2,2.50E+11,1341,377,40,760,37,1,0,57,69,1058,328,27,571,33,0,0,42,57,1,0,0,0,0,0,1,0,0,1,496,450,46
PLST,MA,150,1500000US250250507003,2.50E+11,1,1,25,25,,50700,3,2.50E+11,1413,406,34,858,33,4,0,40,38,1102,339,27,658,26,0,0,23,29,8,0,0,0,0,0,8,0,0,8,521,472,49
PLST,MA,150,1500000US250250509011,2.50E+11,1,1,25,25,,50901,1,2.50E+11,1421,247,37,1012,38,2,0,28,57,1062,206,30,733,32,2,0,15,44,0,0,0,0,0,0,0,0,0,0,452,437,15
PLST,MA,150,1500000US250250509012,2.50E+11,1,1,25,25,,50901,2,2.50E+11,1860,592,32,1102,39,0,0,39,56,1474,522,29,809,39,0,0,29,46,0,0,0,0,0,0,0,0,0,0,717,663,54
PLST,MA,150,1500000US250250509013,2.50E+11,1,1,25,25,,50901,3,2.50E+11,961,252,8,635,15,0,0,23,28,732,221,7,457,13,0,0,14,20,0,0,0,0,0,0,0,0,0,0,335,312,23
PLST,MA,150,1500000US250250510001,2.50E+11,1,1,25,25,,51000,1,2.50E+11,2134,957,56,920,69,0,0,38,94,1786,857,35,728,62,0,0,28,76,3,0,0,0,0,0,3,0,0,3,900,830,70
PLST,MA,150,1500000US250250510002,2.50E+11,1,1,25,25,,51000,2,2.50E+11,1055,462,54,431,69,2,0,13,24,807,390,34,297,62,1,0,7,16,0,0,0,0,0,0,0,0,0,0,483,469,14
PLST,MA,150,1500000US250250510003,2.50E+11,1,1,25,25,,51000,3,2.50E+11,1128,487,18,556,16,0,0,20,31,915,432,17,424,14,0,0,14,14,0,0,0,0,0,0,0,0,0,0,461,450,11
PLST,MA,150,1500000US250250511011,2.50E+11,1,1,25,25,,51101,1,2.50E+11,1803,683,39,968,39,0,0,26,48,1461,593,36,747,39,0,0,17,29,0,0,0,0,0,0,0,0,0,0,670,578,92
PLST,MA,150,1500000US250250511012,2.50E+11,1,1,25,25,,51101,2,2.50E+11,1831,582,173,849,128,0,0,13,86,1403,508,120,615,100,0,0,10,50,9,0,0,0,0,0,9,0,0,9,746,699,47
PLST,MA,150,1500000US250250511013,2.50E+11,1,1,25,25,,51101,3,2.50E+11,1727,812,22,691,103,2,0,24,73,1454,734,22,542,82,1,0,24,49,0,0,0,0,0,0,0,0,0,0,636,604,32
PLST,MA,150,1500000US250250511014,2.50E+11,1,1,25,25,,51101,4,2.50E+11,1099,664,41,313,43,1,0,3,34,956,587,36,260,43,0,0,3,27,132,132,0,0,132,0,0,0,0,0,392,383,9
PLST,MA,150,1500000US250250512001,2.50E+11,1,1,25,25,,51200,1,2.50E+11,833,521,27,161,71,0,0,6,47,765,500,20,137,71,0,0,3,34,0,0,0,0,0,0,0,0,0,0,499,472,27
PLST,MA,150,1500000US250250512002,2.50E+11,1,1,25,25,,51200,2,2.50E+11,1703,852,38,680,49,1,0,14,69,1380,741,29,506,47,1,0,10,46,5,0,0,0,0,0,5,0,0,5,737,687,50
PLST,MA,150,1500000US250250512003,2.50E+11,1,1,25,25,,51200,3,2.50E+11,918,644,20,159,29,0,0,28,38,820,595,17,124,29,0,0,22,33,0,0,0,0,0,0,0,0,0,0,509,448,61
PLST,MA,150,1500000US250250601011,2.50E+11,1,1,25,25,,60101,1,2.50E+11,1171,1074,2,36,28,2,0,3,26,1025,941,2,27,28,0,0,3,24,0,0,0,0,0,0,0,0,0,0,551,514,37
PLST,MA,150,1500000US250250601012,2.50E+11,1,1,25,25,,60101,2,2.50E+11,667,610,5,29,11,0,0,0,12,615,563,5,26,10,0,0,0,11,0,0,0,0,0,0,0,0,0,0,373,348,25
PLST,MA,150,1500000US250250601013,2.50E+11,1,1,25,25,,60101,3,2.50E+11,1067,1008,5,34,6,0,0,3,11,962,911,5,28,6,0,0,3,9,0,0,0,0,0,0,0,0,0,0,518,501,17
PLST,MA,150,1500000US250250601014,2.50E+11,1,1,25,25,,60101,4,2.50E+11,768,708,3,29,10,0,0,0,18,712,657,3,28,10,0,0,0,14,0,0,0,0,0,0,0,0,0,0,438,407,31
PLST,MA,150,1500000US250250602001,2.50E+11,1,1,25,25,,60200,1,2.50E+11,996,901,4,45,12,1,0,2,31,900,820,4,38,12,0,0,2,24,3,0,0,0,0,0,3,0,0,3,466,428,38
PLST,MA,150,1500000US250250602002,2.50E+11,1,1,25,25,,60200,2,2.50E+11,1332,1248,3,36,17,0,0,5,23,1223,1156,3,27,16,0,0,5,16,0,0,0,0,0,0,0,0,0,0,653,615,38
PLST,MA,150,1500000US250250603011,2.50E+11,1,1,25,25,,60301,1,2.50E+11,1491,1406,6,35,24,0,0,3,17,1356,1285,5,26,22,0,0,3,15,0,0,0,0,0,0,0,0,0,0,815,754,61
PLST,MA,150,1500000US250250603012,2.50E+11,1,1,25,25,,60301,2,2.50E+11,810,747,11,15,13,0,0,11,13,734,685,8,14,12,0,0,8,7,0,0,0,0,0,0,0,0,0,0,368,346,22
PLST,MA,150,1500000US250250603013,2.50E+11,1,1,25,25,,60301,3,2.50E+11,1308,1215,15,39,8,0,0,4,27,1188,1119,10,29,8,0,0,0,22,49,0,0,0,0,0,49,0,0,49,646,604,42
PLST,MA,150,1500000US250250604001,2.50E+11,1,1,25,25,,60400,1,2.50E+11,1139,1072,4,36,2,1,0,3,21,1055,1001,2,30,2,1,0,3,16,0,0,0,0,0,0,0,0,0,0,589,521,68
PLST,MA,150,1500000US250250604002,2.50E+11,1,1,25,25,,60400,2,2.50E+11,1152,1049,7,36,38,0,0,1,21,1056,967,7,27,37,0,0,1,17,0,0,0,0,0,0,0,0,0,0,596,553,43
PLST,MA,150,1500000US250250604003,2.50E+11,1,1,25,25,,60400,3,2.50E+11,1014,910,6,46,20,3,0,2,27,943,850,5,41,20,3,0,2,22,0,0,0,0,0,0,0,0,0,0,513,502,11
PLST,MA,150,1500000US250250604004,2.50E+11,1,1,25,25,,60400,4,2.50E+11,1224,1107,6,40,37,1,0,1,32,1157,1051,6,38,37,1,0,1,23,0,0,0,0,0,0,0,0,0,0,693,630,63
PLST,MA,150,1500000US250250604005,2.50E+11,1,1,25,25,,60400,5,2.50E+11,666,602,4,23,7,1,0,5,24,590,538,2,20,7,1,0,5,17,0,0,0,0,0,0,0,0,0,0,317,300,17
PLST,MA,150,1500000US250250605011,2.50E+11,1,1,25,25,,60501,1,2.50E+11,886,799,3,38,25,0,0,1,20,807,739,3,29,24,0,0,1,11,0,0,0,0,0,0,0,0,0,0,475,422,53
PLST,MA,150,1500000US250250605012,2.50E+11,1,1,25,25,,60501,2,2.50E+11,936,849,9,23,22,0,0,9,24,881,798,9,22,22,0,0,9,21,0,0,0,0,0,0,0,0,0,0,523,464,59
PLST,MA,150,1500000US250250605013,2.50E+11,1,1,25,25,,60501,3,2.50E+11,1162,1049,3,50,23,0,1,5,31,1074,989,1,34,21,0,1,5,23,0,0,0,0,0,0,0,0,0,0,623,604,19
PLST,MA,150,1500000US250250605014,2.50E+11,1,1,25,25,,60501,4,2.50E+11,840,759,11,27,27,1,0,0,15,745,684,10,21,20,1,0,0,9,0,0,0,0,0,0,0,0,0,0,371,360,11
PLST,MA,150,1500000US250250605015,2.50E+11,1,1,25,25,,60501,5,2.50E+11,909,711,5,46,110,1,1,3,32,805,648,4,35,91,1,0,3,23,0,0,0,0,0,0,0,0,0,0,458,441,17
PLST,MA,150,1500000US250250606011,2.50E+11,1,1,25,25,,60601,1,2.50E+11,2006,1661,44,86,150,1,0,8,56,1856,1562,44,67,134,1,0,7,41,5,0,0,0,0,0,5,0,0,5,1165,1087,78
PLST,MA,150,1500000US250250606021,2.50E+11,1,1,25,25,,60602,1,2.50E+11,331,265,10,10,33,2,0,0,11,312,255,9,9,29,2,0,0,8,0,0,0,0,0,0,0,0,0,0,246,214,32
PLST,MA,150,1500000US250250606031,2.50E+11,1,1,25,25,,60603,1,2.50E+11,1502,1152,44,83,134,0,1,7,81,1417,1112,40,68,130,0,1,6,60,0,0,0,0,0,0,0,0,0,0,1185,910,275
PLST,MA,150,1500000US250250606041,2.50E+11,1,1,25,25,,60604,1,2.50E+11,1814,1365,74,103,165,0,0,54,53,1758,1342,64,93,160,0,0,54,45,0,0,0,0,0,0,0,0,0,0,1515,1221,294
PLST,MA,150,1500000US250250606042,2.50E+11,1,1,25,25,,60604,2,2.50E+11,989,745,21,73,85,0,0,2,63,920,716,16,60,77,0,0,2,49,0,0,0,0,0,0,0,0,0,0,1002,667,335
PLST,MA,150,1500000US250250607001,2.50E+11,1,1,25,25,,60700,1,2.50E+11,997,118,208,506,86,0,3,11,65,694,95,138,329,69,0,2,9,52,0,0,0,0,0,0,0,0,0,0,333,320,13
PLST,MA,150,1500000US250250607002,2.50E+11,1,1,25,25,,60700,2,2.50E+11,692,111,133,325,56,3,1,26,37,471,92,85,208,46,1,1,16,22,0,0,0,0,0,0,0,0,0,0,271,270,1
PLST,MA,150,1500000US250250608001,2.50E+11,1,1,25,25,,60800,1,2.50E+11,733,679,5,25,11,1,0,0,12,679,629,5,24,9,1,0,0,11,0,0,0,0,0,0,0,0,0,0,360,334,26
PLST,MA,150,1500000US250250608002,2.50E+11,1,1,25,25,,60800,2,2.50E+11,960,845,11,27,48,5,1,0,23,895,793,11,24,44,5,1,0,17,0,0,0,0,0,0,0,0,0,0,486,459,27
PLST,MA,150,1500000US250250608003,2.50E+11,1,1,25,25,,60800,3,2.50E+11,1243,1106,4,62,44,0,0,8,19,1172,1051,4,52,39,0,0,7,19,0,0,0,0,0,0,0,0,0,0,639,603,36
PLST,MA,150,1500000US250250608004,2.50E+11,1,1,25,25,,60800,4,2.50E+11,1923,1571,25,119,144,5,0,5,54,1756,1465,18,94,129,5,0,1,44,36,36,0,36,0,0,0,0,0,0,1051,985,66
PLST,MA,150,1500000US250250610001,2.50E+11,1,1,25,25,,61000,1,2.50E+11,1170,990,5,68,51,0,0,14,42,1054,919,4,43,47,0,0,9,32,0,0,0,0,0,0,0,0,0,0,566,526,40
PLST,MA,150,1500000US250250610002,2.50E+11,1,1,25,25,,61000,2,2.50E+11,535,76,155,246,33,0,0,5,20,367,66,92,168,28,0,0,0,13,0,0,0,0,0,0,0,0,0,0,227,212,15
PLST,MA,150,1500000US250250610003,2.50E+11,1,1,25,25,,61000,3,2.50E+11,711,102,174,320,80,0,0,3,32,512,86,110,219,75,0,0,1,21,0,0,0,0,0,0,0,0,0,0,308,298,10
PLST,MA,150,1500000US250250611011,2.50E+11,1,1,25,25,,61101,1,2.50E+11,682,183,112,250,92,0,0,5,40,491,151,73,170,76,0,0,0,21,20,20,0,20,0,0,0,0,0,0,302,285,17
PLST,MA,150,1500000US250250611012,2.50E+11,1,1,25,25,,61101,2,2.50E+11,2028,333,406,877,296,12,0,32,72,1499,289,279,600,263,4,0,25,39,0,0,0,0,0,0,0,0,0,0,964,929,35
PLST,MA,150,1500000US250250612011,2.50E+11,1,1,25,25,,61201,1,2.50E+11,2013,1567,65,132,170,0,0,7,72,1882,1483,59,122,152,0,0,7,59,68,0,0,0,0,0,68,0,0,68,1038,976,62
PLST,MA,150,1500000US250250612021,2.50E+11,1,1,25,25,,61202,1,2.50E+11,0,0,0,0,0,0,0,0,0,0,0,0,0,0,0,0,0,0,0,0,0,0,0,0,0,0,0,0,0,0,0
PLST,MA,150,1500000US250250612031,2.50E+11,1,1,25,25,,61203,1,2.50E+11,2686,1973,70,181,369,0,0,6,87,2458,1847,68,139,329,0,0,6,69,188,188,0,0,188,0,0,0,0,0,1444,1363,81
PLST,MA,150,1500000US250250612041,2.50E+11,1,1,25,25,,61204,1,2.50E+11,937,787,11,45,64,0,0,3,27,876,745,9,40,61,0,0,0,21,0,0,0,0,0,0,0,0,0,0,673,611,62
PLST,MA,150,1500000US250250701021,2.50E+11,1,1,25,25,,70102,1,2.50E+11,897,436,60,87,266,2,0,10,36,851,414,60,81,257,2,0,10,27,177,0,0,0,0,0,177,0,0,177,542,379,163
PLST,MA,150,1500000US250250701022,2.50E+11,1,1,25,25,,70102,2,2.50E+11,2202,1428,83,179,428,5,4,7,68,2134,1388,83,174,418,5,4,7,55,1081,0,0,0,0,0,1081,1081,0,0,934,717,217
PLST,MA,150,1500000US250250701023,2.50E+11,1,1,25,25,,70102,3,2.50E+11,588,330,89,87,51,0,0,3,28,552,318,89,82,42,0,0,3,18,342,0,0,0,0,0,342,0,0,342,173,127,46
PLST,MA,150,1500000US250250701031,2.50E+11,1,1,25,25,,70103,1,2.50E+11,751,236,68,68,369,0,0,0,10,623,210,52,47,305,0,0,0,9,0,0,0,0,0,0,0,0,0,0,379,348,31
PLST,MA,150,1500000US250250701041,2.50E+11,1,1,25,25,,70104,1,2.50E+11,890,622,26,33,148,1,0,10,50,811,588,26,31,123,1,0,6,36,28,0,0,0,0,0,28,0,0,28,600,510,90
PLST,MA,150,1500000US250250701042,2.50E+11,1,1,25,25,,70104,2,2.50E+11,610,418,19,40,83,0,0,3,47,531,380,19,33,71,0,0,3,25,81,0,0,0,0,0,81,0,0,81,312,243,69
PLST,MA,150,1500000US250250701043,2.50E+11,1,1,25,25,,70104,3,2.50E+11,1362,812,6,71,436,1,0,3,33,1234,744,6,65,398,1,0,2,18,7,0,0,0,0,0,7,0,0,7,804,739,65
PLST,MA,150,1500000US250250702011,2.50E+11,1,1,25,25,,70201,1,2.50E+11,932,54,43,26,801,0,0,3,5,866,49,38,22,750,0,0,3,4,235,224,0,0,224,0,11,0,0,11,372,362,10
PLST,MA,150,1500000US250250702012,2.50E+11,1,1,25,25,,70201,2,2.50E+11,3058,2176,136,235,463,0,0,9,39,2993,2149,131,225,448,0,0,9,31,1968,97,0,0,97,0,1871,1868,0,3,717,656,61
PLST,MA,150,1500000US250250702021,2.50E+11,1,1,25,25,,70202,1,2.50E+11,4325,1538,147,354,2128,2,3,13,140,3924,1478,143,320,1845,2,3,13,120,445,0,0,0,0,0,445,443,0,2,2437,2149,288
PLST,MA,150,1500000US250250702022,2.50E+11,1,1,25,25,,70202,2,2.50E+11,1135,70,39,29,979,0,1,3,14,930,53,21,23,817,0,1,3,12,1,0,0,0,0,0,1,0,0,1,456,440,16
PLST,MA,150,1500000US250250703011,2.50E+11,1,1,25,25,,70301,1,2.50E+11,1048,816,24,90,80,0,0,3,35,974,760,23,81,79,0,0,3,28,0,0,0,0,0,0,0,0,0,0,697,661,36
PLST,MA,150,1500000US250250703012,2.50E+11,1,1,25,25,,70301,2,2.50E+11,1165,871,26,73,127,0,0,10,58,1025,794,25,60,107,0,0,9,30,0,0,0,0,0,0,0,0,0,0,662,622,40
PLST,MA,150,1500000US250250703021,2.50E+11,1,1,25,25,,70302,1,2.50E+11,806,588,12,58,109,0,0,8,31,707,524,11,44,103,0,0,8,17,1,0,0,0,0,0,1,0,0,1,453,396,57
PLST,MA,150,1500000US250250703022,2.50E+11,1,1,25,25,,70302,2,2.50E+11,615,498,11,20,68,0,1,1,16,566,473,8,11,60,0,1,1,12,3,0,0,0,0,0,3,0,0,3,422,379,43
PLST,MA,150,1500000US250250703023,2.50E+11,1,1,25,25,,70302,3,2.50E+11,669,340,32,27,249,0,0,4,17,638,327,30,20,247,0,0,4,10,16,0,0,0,0,0,16,0,0,16,523,407,116
PLST,MA,150,1500000US250250704021,2.50E+11,1,1,25,25,,70402,1,2.50E+11,2049,1345,123,178,313,1,0,15,74,1937,1295,115,155,293,1,0,14,64,0,0,0,0,0,0,0,0,0,0,1462,1300,162
PLST,MA,150,1500000US250250704022,2.50E+11,1,1,25,25,,70402,2,2.50E+11,1512,128,251,100,995,2,0,7,29,1314,120,171,88,908,0,0,5,22,0,0,0,0,0,0,0,0,0,0,716,709,7
PLST,MA,150,1500000US250250705011,2.50E+11,1,1,25,25,,70501,1,2.50E+11,1149,887,29,73,111,3,0,1,45,1021,793,26,67,103,3,0,1,28,0,0,0,0,0,0,0,0,0,0,660,615,45
PLST,MA,150,1500000US250250705012,2.50E+11,1,1,25,25,,70501,2,2.50E+11,1074,734,29,124,161,2,0,6,18,954,665,29,108,139,2,0,6,5,26,0,0,0,0,0,26,0,0,26,601,576,25
PLST,MA,150,1500000US250250705021,2.50E+11,1,1,25,25,,70502,1,2.50E+11,1067,755,36,131,111,0,0,4,30,922,671,33,100,91,0,0,4,23,0,0,0,0,0,0,0,0,0,0,585,529,56
PLST,MA,150,1500000US250250705022,2.50E+11,1,1,25,25,,70502,2,2.50E+11,2326,789,218,734,518,3,1,11,52,1985,731,186,560,463,0,1,8,36,18,0,0,0,0,0,18,0,0,18,1259,1206,53
PLST,MA,150,1500000US250250706001,2.50E+11,1,1,25,25,,70600,1,2.50E+11,1161,917,40,82,56,1,0,8,57,1055,845,36,65,53,1,0,8,47,52,0,0,0,0,0,52,0,0,52,647,569,78
PLST,MA,150,1500000US250250706002,2.50E+11,1,1,25,25,,70600,2,2.50E+11,1126,888,59,49,71,0,0,1,58,946,767,47,37,64,0,0,1,30,0,0,0,0,0,0,0,0,0,0,613,582,31
PLST,MA,150,1500000US250250707001,2.50E+11,1,1,25,25,,70700,1,2.50E+11,1236,552,277,142,164,8,0,25,68,1044,505,218,111,143,8,0,25,34,5,0,0,0,0,0,5,0,0,5,642,601,41
PLST,MA,150,1500000US250250707002,2.50E+11,1,1,25,25,,70700,2,2.50E+11,1291,820,209,97,101,2,0,6,56,1122,730,174,79,91,2,0,6,40,0,0,0,0,0,0,0,0,0,0,694,670,24
PLST,MA,150,1500000US250250708011,2.50E+11,1,1,25,25,,70801,1,2.50E+11,1056,571,174,96,142,0,1,6,66,953,547,136,70,137,0,1,6,56,0,0,0,0,0,0,0,0,0,0,607,549,58
PLST,MA,150,1500000US250250708021,2.50E+11,1,1,25,25,,70802,1,2.50E+11,1552,877,295,175,125,4,1,10,65,1396,803,252,157,121,4,1,4,54,0,0,0,0,0,0,0,0,0,0,936,886,50
PLST,MA,150,1500000US250250708022,2.50E+11,1,1,25,25,,70802,2,2.50E+11,1133,825,68,91,93,2,0,7,47,1008,732,62,73,92,2,0,6,41,19,0,0,0,0,0,19,0,0,19,602,575,27
PLST,MA,150,1500000US250250709011,2.50E+11,1,1,25,25,,70901,1,2.50E+11,1165,291,303,400,113,0,0,12,46,953,267,244,294,108,0,0,12,28,15,15,0,15,0,0,0,0,0,0,568,547,21
PLST,MA,150,1500000US250250709021,2.50E+11,1,1,25,25,,70902,1,2.50E+11,1211,550,237,213,138,2,0,5,66,1050,501,211,151,130,1,0,5,51,14,0,0,0,0,0,14,0,0,14,670,631,39
PLST,MA,150,1500000US250250709022,2.50E+11,1,1,25,25,,70902,2,2.50E+11,1089,653,94,185,101,0,0,2,54,957,607,74,147,91,0,0,2,36,0,0,0,0,0,0,0,0,0,0,583,561,22
PLST,MA,150,1500000US250250711011,2.50E+11,1,1,25,25,,71101,1,2.50E+11,1540,989,164,155,136,2,2,16,76,1389,917,152,129,120,2,2,16,51,222,0,0,0,0,0,222,0,0,222,728,688,40
PLST,MA,150,1500000US250250711012,2.50E+11,1,1,25,25,,71101,2,2.50E+11,916,246,289,195,128,14,1,4,39,827,232,245,171,125,14,1,4,35,95,16,16,0,0,0,79,0,0,79,557,520,37
PLST,MA,150,1500000US250250711013,2.50E+11,1,1,25,25,,71101,3,2.50E+11,996,522,50,104,289,0,2,6,23,940,489,49,87,289,0,2,6,18,11,0,0,0,0,0,11,0,0,11,639,607,32
PLST,MA,150,1500000US250250711014,2.50E+11,1,1,25,25,,71101,4,2.50E+11,659,320,93,93,126,0,0,7,20,588,304,67,74,117,0,0,7,19,45,45,0,0,0,45,0,0,0,0,348,317,31
PLST,MA,150,1500000US250250712011,2.50E+11,1,1,25,25,,71201,1,2.50E+11,1013,637,69,86,180,3,0,3,35,883,583,54,57,157,3,0,3,26,12,0,0,0,0,0,12,0,0,12,546,539,7
PLST,MA,150,1500000US250250712012,2.50E+11,1,1,25,25,,71201,2,2.50E+11,1231,651,144,139,231,1,0,3,62,1109,594,140,124,202,1,0,1,47,265,0,0,0,0,0,265,0,0,265,506,482,24
PLST,MA,150,1500000US250250712013,2.50E+11,1,1,25,25,,71201,3,2.50E+11,192,117,13,26,19,0,0,5,12,174,110,8,22,19,0,0,5,10,0,0,0,0,0,0,0,0,0,0,388,86,302
PLST,MA,150,1500000US250250712014,2.50E+11,1,1,25,25,,71201,4,2.50E+11,1078,47,367,558,67,0,0,18,21,784,36,261,397,60,0,0,12,18,0,0,0,0,0,0,0,0,0,0,459,438,21
PLST,MA,150,1500000US250250801001,2.50E+11,1,1,25,25,,80100,1,2.50E+11,2125,543,610,546,36,0,1,100,289,1913,537,567,479,28,0,1,77,224,987,730,726,4,0,0,257,0,0,257,547,458,89
PLST,MA,150,1500000US250250801002,2.50E+11,1,1,25,25,,80100,2,2.50E+11,775,29,402,250,10,2,0,14,68,573,29,316,152,9,0,0,12,55,6,0,0,0,0,0,6,0,0,6,314,291,23
PLST,MA,150,1500000US250250803001,2.50E+11,1,1,25,25,,80300,1,2.50E+11,686,14,313,286,21,0,0,10,42,533,14,250,209,19,0,0,4,37,17,0,0,0,0,0,17,0,0,17,290,276,14
PLST,MA,150,1500000US250250803002,2.50E+11,1,1,25,25,,80300,2,2.50E+11,1550,132,732,519,59,1,1,23,83,1130,116,567,339,42,1,1,13,51,18,15,0,15,0,0,3,0,0,3,581,557,24
PLST,MA,150,1500000US250250804011,2.50E+11,1,1,25,25,,80401,1,2.50E+11,1910,267,626,652,241,4,0,40,80,1593,258,506,497,236,1,0,24,71,387,0,0,0,0,0,387,0,0,387,680,650,30
PLST,MA,150,1500000US250250804012,2.50E+11,1,1,25,25,,80401,2,2.50E+11,1481,85,588,689,50,6,0,14,49,1116,80,443,498,48,4,0,9,34,0,0,0,0,0,0,0,0,0,0,783,742,41
PLST,MA,150,1500000US250250805001,2.50E+11,1,1,25,25,,80500,1,2.50E+11,1198,192,419,400,125,0,2,19,41,924,167,326,272,111,0,2,11,35,6,0,0,0,0,0,6,0,0,6,506,488,18
PLST,MA,150,1500000US250250805002,2.50E+11,1,1,25,25,,80500,2,2.50E+11,2090,116,815,972,130,0,0,6,51,1534,108,569,697,121,0,0,4,35,23,0,0,0,0,0,23,0,0,23,924,890,34
PLST,MA,150,1500000US250250806011,2.50E+11,1,1,25,25,,80601,1,2.50E+11,4013,1650,405,502,1228,5,3,13,207,3827,1615,352,443,1196,5,3,9,204,2484,0,0,0,0,0,2484,2484,0,0,687,594,93
PLST,MA,150,1500000US250250806012,2.50E+11,1,1,25,25,,80601,2,2.50E+11,158,12,48,77,7,0,0,0,14,124,10,35,59,6,0,0,0,14,0,0,0,0,0,0,0,0,0,0,449,74,375
PLST,MA,150,1500000US250250806013,2.50E+11,1,1,25,25,,80601,3,2.50E+11,561,87,279,108,28,0,0,10,49,481,80,253,71,25,0,0,7,45,16,0,0,0,0,0,16,0,0,16,346,337,9
PLST,MA,150,1500000US250250808011,2.50E+11,1,1,25,25,,80801,1,2.50E+11,2384,1164,340,647,131,8,1,35,58,2111,1156,261,472,130,6,1,33,52,1502,0,0,0,0,0,1502,1502,0,0,394,364,30
PLST,MA,150,1500000US250250808012,2.50E+11,1,1,25,25,,80801,2,2.50E+11,1898,74,600,767,402,1,0,16,38,1500,70,420,587,379,1,0,13,30,0,0,0,0,0,0,0,0,0,0,702,678,24
PLST,MA,150,1500000US250250809001,2.50E+11,1,1,25,25,,80900,1,2.50E+11,1330,430,112,96,637,1,0,10,44,1288,424,105,88,617,1,0,10,43,0,0,0,0,0,0,0,0,0,0,838,801,37
PLST,MA,150,1500000US250250809002,2.50E+11,1,1,25,25,,80900,2,2.50E+11,1780,1061,141,168,325,0,0,16,69,1632,990,113,135,316,0,0,16,62,16,4,0,4,0,0,12,0,0,12,609,591,18
PLST,MA,150,1500000US250250809003,2.50E+11,1,1,25,25,,80900,3,2.50E+11,1266,703,66,91,343,1,0,7,55,1172,664,55,66,335,1,0,7,44,0,0,0,0,0,0,0,0,0,0,463,417,46
PLST,MA,150,1500000US250250810011,2.50E+11,1,1,25,25,,81001,1,2.50E+11,1062,713,39,97,160,0,0,9,44,978,659,38,78,159,0,0,6,38,0,0,0,0,0,0,0,0,0,0,353,351,2
PLST,MA,150,1500000US250250810012,2.50E+11,1,1,25,25,,81001,2,2.50E+11,1445,650,145,214,340,1,0,21,74,1325,637,125,159,322,1,0,17,64,27,0,0,0,0,0,27,0,0,27,634,603,31
PLST,MA,150,1500000US250250810013,2.50E+11,1,1,25,25,,81001,3,2.50E+11,744,117,96,188,315,0,0,9,19,647,114,76,152,278,0,0,8,19,0,0,0,0,0,0,0,0,0,0,413,401,12
PLST,MA,150,1500000US250250810014,2.50E+11,1,1,25,25,,81001,4,2.50E+11,1896,389,263,474,683,3,0,36,48,1571,367,199,344,584,3,0,29,45,34,0,0,0,0,0,34,0,0,34,899,877,22
PLST,MA,150,1500000US250250810015,2.50E+11,1,1,25,25,,81001,5,2.50E+11,548,86,96,91,246,3,1,6,19,445,70,66,64,219,3,1,5,17,0,0,0,0,0,0,0,0,0,0,282,278,4
PLST,MA,150,1500000US250250811011,2.50E+11,1,1,25,25,,81101,1,2.50E+11,372,200,21,47,86,0,0,1,17,355,198,16,43,82,0,0,1,15,0,0,0,0,0,0,0,0,0,0,256,230,26
PLST,MA,150,1500000US250250811012,2.50E+11,1,1,25,25,,81101,2,2.50E+11,1112,606,133,111,213,0,0,3,46,1050,579,130,96,199,0,0,3,43,156,156,0,0,156,0,0,0,0,0,695,578,117
PLST,MA,150,1500000US250250811021,2.50E+11,1,1,25,25,,81102,1,2.50E+11,1572,673,282,264,260,4,0,9,80,1441,646,252,213,251,2,0,8,69,112,112,0,0,112,0,0,0,0,0,565,543,22
PLST,MA,150,1500000US250250811022,2.50E+11,1,1,25,25,,81102,2,2.50E+11,1593,575,247,244,471,2,0,9,45,1486,547,226,225,442,2,0,6,38,82,0,0,0,0,0,82,0,0,82,803,764,39
PLST,MA,150,1500000US250250812001,2.50E+11,1,1,25,25,,81200,1,2.50E+11,1393,507,157,512,119,2,0,13,83,1137,443,141,389,103,2,0,6,53,26,0,0,0,0,0,26,0,0,26,502,479,23
PLST,MA,150,1500000US250250812002,2.50E+11,1,1,25,25,,81200,2,2.50E+11,1492,59,523,825,20,0,0,19,46,1068,49,358,600,20,0,0,8,33,0,0,0,0,0,0,0,0,0,0,659,609,50
PLST,MA,150,1500000US250250812003,2.50E+11,1,1,25,25,,81200,3,2.50E+11,621,11,233,340,17,0,0,9,11,445,11,167,234,16,0,0,9,8,0,0,0,0,0,0,0,0,0,0,217,202,15
PLST,MA,150,1500000US250250813011,2.50E+11,1,1,25,25,,81301,1,2.50E+11,767,95,250,363,16,2,1,3,37,575,71,190,273,16,0,0,3,22,89,50,0,50,0,0,39,0,0,39,365,356,9
PLST,MA,150,1500000US250250813012,2.50E+11,1,1,25,25,,81301,2,2.50E+11,1627,241,519,745,46,6,2,4,64,1275,223,398,558,42,6,2,2,44,0,0,0,0,0,0,0,0,0,0,757,704,53
PLST,MA,150,1500000US250250813021,2.50E+11,1,1,25,25,,81302,1,2.50E+11,1121,40,441,569,17,1,0,13,40,858,36,349,410,17,1,0,13,32,0,0,0,0,0,0,0,0,0,0,552,524,28
PLST,MA,150,1500000US250250813022,2.50E+11,1,1,25,25,,81302,2,2.50E+11,1959,215,745,846,48,8,0,14,83,1518,180,577,627,48,8,0,14,64,155,70,0,70,0,0,85,0,0,85,766,741,25
PLST,MA,150,1500000US250250814001,2.50E+11,1,1,25,25,,81400,1,2.50E+11,820,207,306,178,66,3,0,4,56,693,195,260,122,61,0,0,3,52,0,0,0,0,0,0,0,0,0,0,354,337,17
PLST,MA,150,1500000US250250814002,2.50E+11,1,1,25,25,,81400,2,2.50E+11,1009,402,328,133,72,2,0,12,60,889,372,278,122,65,0,0,11,41,50,0,0,0,0,0,50,36,0,14,431,411,20
PLST,MA,150,1500000US250250814003,2.50E+11,1,1,25,25,,81400,3,2.50E+11,1401,362,573,273,115,4,0,7,67,1200,339,495,209,96,3,0,7,51,0,0,0,0,0,0,0,0,0,0,669,610,59
PLST,MA,150,1500000US250250814004,2.50E+11,1,1,25,25,,81400,4,2.50E+11,544,201,117,100,73,0,1,10,42,477,189,98,77,68,0,1,5,39,10,0,0,0,0,0,10,0,0,10,210,200,10
PLST,MA,150,1500000US250250815001,2.50E+11,1,1,25,25,,81500,1,2.50E+11,1085,287,423,193,74,3,0,7,98,892,247,369,124,63,2,0,6,81,11,0,0,0,0,0,11,0,0,11,428,408,20
PLST,MA,150,1500000US250250815002,2.50E+11,1,1,25,25,,81500,2,2.50E+11,1364,119,684,438,43,1,0,12,67,1092,113,555,324,39,1,0,6,54,13,0,0,0,0,0,13,0,0,13,579,547,32
PLST,MA,150,1500000US250250817001,2.50E+11,1,1,25,25,,81700,1,2.50E+11,623,6,475,67,11,4,0,32,28,444,6,344,48,8,1,0,21,16,0,0,0,0,0,0,0,0,0,0,218,207,11
PLST,MA,150,1500000US250250817002,2.50E+11,1,1,25,25,,81700,2,2.50E+11,995,43,615,276,10,3,0,5,43,785,38,494,206,10,3,0,3,31,0,0,0,0,0,0,0,0,0,0,475,465,10
PLST,MA,150,1500000US250250817003,2.50E+11,1,1,25,25,,81700,3,2.50E+11,882,65,459,281,3,11,0,9,54,604,52,327,171,3,8,0,8,35,0,0,0,0,0,0,0,0,0,0,299,272,27
PLST,MA,150,1500000US250250817004,2.50E+11,1,1,25,25,,81700,4,2.50E+11,950,58,452,292,82,2,0,12,52,739,53,360,215,58,2,0,8,43,20,0,0,0,0,0,20,0,0,20,375,350,25
PLST,MA,150,1500000US250250817005,2.50E+11,1,1,25,25,,81700,5,2.50E+11,691,82,336,184,52,2,0,7,28,563,70,298,114,52,0,0,5,24,15,15,0,15,0,0,0,0,0,0,314,276,38
PLST,MA,150,1500000US250250818001,2.50E+11,1,1,25,25,,81800,1,2.50E+11,1313,125,637,449,22,1,0,11,68,1027,101,534,317,20,1,0,7,47,0,0,0,0,0,0,0,0,0,0,596,547,49
PLST,MA,150,1500000US250250818002,2.50E+11,1,1,25,25,,81800,2,2.50E+11,1006,78,598,244,8,3,0,22,53,816,71,496,189,5,2,0,12,41,17,0,0,0,0,0,17,0,0,17,471,432,39
PLST,MA,150,1500000US250250818003,2.50E+11,1,1,25,25,,81800,3,2.50E+11,1248,53,688,391,16,1,0,23,76,911,49,530,255,16,1,0,19,41,0,0,0,0,0,0,0,0,0,0,419,401,18
PLST,MA,150,1500000US250250819001,2.50E+11,1,1,25,25,,81900,1,2.50E+11,1090,35,658,307,13,4,0,13,60,834,29,531,203,13,3,0,7,48,12,0,0,0,0,0,12,0,0,12,451,418,33
PLST,MA,150,1500000US250250819002,2.50E+11,1,1,25,25,,81900,2,2.50E+11,644,19,332,242,3,1,0,15,32,488,19,257,176,3,0,0,15,18,0,0,0,0,0,0,0,0,0,0,278,272,6
PLST,MA,150,1500000US250250819003,2.50E+11,1,1,25,25,,81900,3,2.50E+11,816,58,376,307,6,1,0,15,53,607,43,290,213,6,1,0,12,42,40,32,0,32,0,0,8,0,0,8,287,272,15
PLST,MA,150,1500000US250250819004,2.50E+11,1,1,25,25,,81900,4,2.50E+11,1121,15,617,428,11,0,0,14,36,809,13,463,281,11,0,0,14,27,0,0,0,0,0,0,0,0,0,0,455,429,26
PLST,MA,150,1500000US250250820001,2.50E+11,1,1,25,25,,82000,1,2.50E+11,1498,75,856,390,10,3,1,40,123,1102,59,659,253,7,3,1,28,92,9,9,0,9,0,0,0,0,0,0,620,568,52
PLST,MA,150,1500000US250250820002,2.50E+11,1,1,25,25,,82000,2,2.50E+11,747,20,479,161,7,3,0,23,54,592,16,400,111,7,3,0,17,38,0,0,0,0,0,0,0,0,0,0,308,277,31
PLST,MA,150,1500000US250250820003,2.50E+11,1,1,25,25,,82000,3,2.50E+11,950,34,547,279,15,2,0,10,63,741,27,444,207,8,2,0,6,47,0,0,0,0,0,0,0,0,0,0,424,408,16
PLST,MA,150,1500000US250250821001,2.50E+11,1,1,25,25,,82100,1,2.50E+11,1323,25,626,541,13,8,0,24,86,966,25,461,383,12,8,0,19,58,8,0,0,0,0,0,8,0,0,8,521,506,15
PLST,MA,150,1500000US250250821002,2.50E+11,1,1,25,25,,82100,2,2.50E+11,1543,41,736,690,14,0,0,16,46,1103,35,560,453,11,0,0,8,36,0,0,0,0,0,0,0,0,0,0,595,557,38
PLST,MA,150,1500000US250250821003,2.50E+11,1,1,25,25,,82100,3,2.50E+11,2358,98,1295,848,21,1,3,15,77,1755,82,966,617,18,1,3,8,60,24,0,0,0,0,0,24,0,0,24,1034,1009,25
PLST,MA,150,1500000US250250901001,2.50E+11,1,1,25,25,,90100,1,2.50E+11,1610,8,780,715,15,4,0,25,63,1190,5,594,515,13,4,0,12,47,0,0,0,0,0,0,0,0,0,0,674,648,26
PLST,MA,150,1500000US250250901002,2.50E+11,1,1,25,25,,90100,2,2.50E+11,645,24,379,174,12,2,0,25,29,495,22,307,118,10,0,0,15,23,0,0,0,0,0,0,0,0,0,0,276,243,33
PLST,MA,150,1500000US250250901003,2.50E+11,1,1,25,25,,90100,3,2.50E+11,856,34,513,196,20,18,0,18,57,634,27,390,120,19,16,0,12,50,20,0,0,0,0,0,20,0,0,20,316,265,51
PLST,MA,150,1500000US250250901004,2.50E+11,1,1,25,25,,90100,4,2.50E+11,1285,35,806,339,2,17,0,21,65,888,21,568,223,2,4,0,20,50,0,0,0,0,0,0,0,0,0,0,447,430,17
PLST,MA,150,1500000US250250901005,2.50E+11,1,1,25,25,,90100,5,2.50E+11,775,32,452,213,12,0,0,11,55,561,31,345,139,7,0,0,3,36,0,0,0,0,0,0,0,0,0,0,255,239,16
PLST,MA,150,1500000US250250902001,2.50E+11,1,1,25,25,,90200,1,2.50E+11,712,42,213,365,17,0,0,11,64,491,35,153,244,13,0,0,8,38,18,0,0,0,0,0,18,0,0,18,250,244,6
PLST,MA,150,1500000US250250902002,2.50E+11,1,1,25,25,,90200,2,2.50E+11,716,31,273,315,27,0,0,15,55,459,15,196,193,19,0,0,8,28,59,59,0,59,0,0,0,0,0,0,271,258,13
PLST,MA,150,1500000US250250902003,2.50E+11,1,1,25,25,,90200,3,2.50E+11,984,32,447,419,12,0,0,24,50,676,24,298,286,11,0,0,17,40,0,0,0,0,0,0,0,0,0,0,319,309,10
PLST,MA,150,1500000US250250903001,2.50E+11,1,1,25,25,,90300,1,2.50E+11,1033,43,392,461,15,2,1,36,83,692,26,277,300,14,0,1,18,56,0,0,0,0,0,0,0,0,0,0,339,315,24
PLST,MA,150,1500000US250250903002,2.50E+11,1,1,25,25,,90300,2,2.50E+11,1681,23,865,641,28,5,0,24,95,1187,10,618,441,22,5,0,20,71,18,18,0,18,0,0,0,0,0,0,566,551,15
PLST,MA,150,1500000US250250903003,2.50E+11,1,1,25,25,,90300,3,2.50E+11,1081,16,555,367,5,4,0,19,115,737,14,406,217,4,4,0,18,74,0,0,0,0,0,0,0,0,0,0,391,372,19
PLST,MA,150,1500000US250250904001,2.50E+11,1,1,25,25,,90400,1,2.50E+11,921,26,409,354,30,3,0,29,70,669,20,298,262,19,1,0,22,47,10,0,0,0,0,0,10,0,0,10,322,316,6
PLST,MA,150,1500000US250250904002,2.50E+11,1,1,25,25,,90400,2,2.50E+11,1462,69,586,510,52,2,0,66,177,1046,61,425,352,40,0,0,48,120,3,0,0,0,0,0,3,0,0,3,521,488,33
PLST,MA,150,1500000US250250904003,2.50E+11,1,1,25,25,,90400,3,2.50E+11,898,43,382,262,38,0,1,31,141,672,41,302,176,28,0,1,16,108,4,0,0,0,0,0,4,0,0,4,274,252,22
PLST,MA,150,1500000US250250904004,2.50E+11,1,1,25,25,,90400,4,2.50E+11,820,30,335,272,20,0,1,39,123,616,27,250,193,14,0,1,31,100,0,0,0,0,0,0,0,0,0,0,311,292,19
PLST,MA,150,1500000US250250906001,2.50E+11,1,1,25,25,,90600,1,2.50E+11,1099,78,458,357,16,0,0,49,141,821,55,362,236,15,0,0,32,121,33,0,0,0,0,0,33,0,0,33,370,333,37
PLST,MA,150,1500000US250250906002,2.50E+11,1,1,25,25,,90600,2,2.50E+11,1351,97,286,264,34,3,0,270,397,1060,85,225,188,26,3,0,219,314,0,0,0,0,0,0,0,0,0,0,470,439,31
PLST,MA,150,1500000US250250907001,2.50E+11,1,1,25,25,,90700,1,2.50E+11,1171,680,68,101,244,5,1,32,40,1071,644,62,87,211,2,1,32,32,9,0,0,0,0,0,9,0,0,9,517,481,36
PLST,MA,150,1500000US250250907002,2.50E+11,1,1,25,25,,90700,2,2.50E+11,1260,925,75,90,119,4,0,4,43,1148,858,70,76,98,4,0,4,38,26,0,0,0,0,0,26,0,0,26,654,616,38
PLST,MA,150,1500000US250250907003,2.50E+11,1,1,25,25,,90700,3,2.50E+11,1178,680,44,133,244,1,0,17,59,1046,624,40,106,217,1,0,12,46,8,0,0,0,0,0,8,0,0,8,562,503,59
PLST,MA,150,1500000US250250907004,2.50E+11,1,1,25,25,,90700,4,2.50E+11,1064,573,95,125,217,3,0,8,43,939,532,73,99,196,0,0,8,31,11,0,0,0,0,0,11,0,0,11,677,511,166
PLST,MA,150,1500000US250250909011,2.50E+11,1,1,25,25,,90901,1,2.50E+11,1403,349,223,347,439,0,3,6,36,1134,267,160,266,413,0,3,5,20,0,0,0,0,0,0,0,0,0,0,624,601,23
PLST,MA,150,1500000US250250909012,2.50E+11,1,1,25,25,,90901,2,2.50E+11,2197,658,307,437,675,7,2,19,92,1949,610,250,334,654,6,2,17,76,22,0,0,0,0,0,22,0,0,22,1104,1009,95
PLST,MA,150,1500000US250250910011,2.50E+11,1,1,25,25,,91001,1,2.50E+11,645,130,132,113,206,2,0,14,48,538,127,108,88,160,1,0,11,43,0,0,0,0,0,0,0,0,0,0,271,243,28
PLST,MA,150,1500000US250250910012,2.50E+11,1,1,25,25,,91001,2,2.50E+11,796,355,45,95,266,1,0,2,32,703,335,39,79,223,1,0,2,24,0,0,0,0,0,0,0,0,0,0,360,351,9
PLST,MA,150,1500000US250250910013,2.50E+11,1,1,25,25,,91001,3,2.50E+11,748,587,24,36,42,0,0,9,50,638,512,15,27,32,0,0,9,43,0,0,0,0,0,0,0,0,0,0,363,358,5
PLST,MA,150,1500000US250250910014,2.50E+11,1,1,25,25,,91001,4,2.50E+11,1066,694,74,67,188,2,0,2,39,988,648,72,57,174,1,0,2,34,0,0,0,0,0,0,0,0,0,0,668,606,62
PLST,MA,150,1500000US250250911001,2.50E+11,1,1,25,25,,91100,1,2.50E+11,1441,847,80,130,306,1,0,27,50,1288,776,68,113,261,1,0,25,44,2,0,0,0,0,0,2,0,0,2,630,583,47
PLST,MA,150,1500000US250250911002,2.50E+11,1,1,25,25,,91100,2,2.50E+11,1195,731,83,102,214,3,0,13,49,1044,688,66,75,165,3,0,13,34,0,0,0,0,0,0,0,0,0,0,519,489,30
PLST,MA,150,1500000US250250911003,2.50E+11,1,1,25,25,,91100,3,2.50E+11,823,335,69,48,322,1,0,1,47,712,321,57,34,262,1,0,1,36,0,0,0,0,0,0,0,0,0,0,335,308,27
PLST,MA,150,1500000US250250911004,2.50E+11,1,1,25,25,,91100,4,2.50E+11,679,226,93,78,188,1,0,37,56,566,201,72,65,156,1,0,32,39,0,0,0,0,0,0,0,0,0,0,271,240,31
PLST,MA,150,1500000US250250911005,2.50E+11,1,1,25,25,,91100,5,2.50E+11,778,389,105,72,161,2,0,12,37,677,367,77,59,129,2,0,10,33,8,0,0,0,0,0,8,0,0,8,302,291,11
PLST,MA,150,1500000US250250912001,2.50E+11,1,1,25,25,,91200,1,2.50E+11,1057,461,114,234,72,0,0,37,139,899,451,86,159,53,0,0,34,116,16,6,0,6,0,0,10,0,0,10,455,425,30
PLST,MA,150,1500000US250250912002,2.50E+11,1,1,25,25,,91200,2,2.50E+11,1363,453,256,359,83,0,0,57,155,1063,419,184,218,72,0,0,50,120,127,98,0,98,0,0,29,0,0,29,523,497,26
PLST,MA,150,1500000US250250912003,2.50E+11,1,1,25,25,,91200,3,2.50E+11,720,206,176,168,19,0,0,61,90,585,188,135,124,17,0,0,56,65,50,0,0,0,0,0,50,0,0,50,298,282,16
PLST,MA,150,1500000US250250913001,2.50E+11,1,1,25,25,,91300,1,2.50E+11,1456,226,382,274,75,2,0,249,248,1129,198,271,207,69,2,0,200,182,0,0,0,0,0,0,0,0,0,0,532,502,30
PLST,MA,150,1500000US250250913002,2.50E+11,1,1,25,25,,91300,2,2.50E+11,1170,71,334,294,34,0,0,183,254,861,63,233,211,26,0,0,149,179,18,0,0,0,0,0,18,0,0,18,403,379,24
PLST,MA,150,1500000US250250914001,2.50E+11,1,1,25,25,,91400,1,2.50E+11,1748,110,721,540,29,8,1,142,197,1360,102,554,399,28,6,1,118,152,60,4,0,4,0,0,56,0,0,56,675,635,40
PLST,MA,150,1500000US250250914002,2.50E+11,1,1,25,25,,91400,2,2.50E+11,1138,91,484,370,4,7,1,55,126,867,84,375,247,2,6,1,50,102,84,8,0,8,0,0,76,0,0,76,377,361,16
PLST,MA,150,1500000US250250915001,2.50E+11,1,1,25,25,,91500,1,2.50E+11,1926,431,427,511,88,0,1,142,326,1524,402,328,346,78,0,1,118,251,0,0,0,0,0,0,0,0,0,0,766,723,43
PLST,MA,150,1500000US250250915002,2.50E+11,1,1,25,25,,91500,2,2.50E+11,1740,117,628,419,89,1,1,213,272,1296,89,490,276,63,1,1,170,206,16,16,0,16,0,0,0,0,0,0,599,567,32
PLST,MA,150,1500000US250250915003,2.50E+11,1,1,25,25,,91500,3,2.50E+11,922,73,237,153,93,0,0,86,280,689,63,190,99,81,0,0,62,194,0,0,0,0,0,0,0,0,0,0,366,342,24
PLST,MA,150,1500000US250250916001,2.50E+11,1,1,25,25,,91600,1,2.50E+11,1284,282,401,256,80,6,0,69,190,983,269,281,185,59,6,0,49,134,26,0,0,0,0,0,26,0,0,26,521,480,41
PLST,MA,150,1500000US250250916002,2.50E+11,1,1,25,25,,91600,2,2.50E+11,1250,112,182,240,568,3,0,38,107,987,95,153,172,448,3,0,33,83,12,0,0,0,0,0,12,0,0,12,423,411,12
PLST,MA,150,1500000US250250916003,2.50E+11,1,1,25,25,,91600,3,2.50E+11,666,68,101,143,279,4,0,21,50,532,64,80,92,242,4,0,6,44,8,0,0,0,0,0,8,0,0,8,297,271,26
PLST,MA,150,1500000US250250917001,2.50E+11,1,1,25,25,,91700,1,2.50E+11,1313,128,536,282,54,9,0,99,205,980,111,374,202,53,8,0,75,157,10,0,0,0,0,0,10,0,0,10,473,427,46
PLST,MA,150,1500000US250250917002,2.50E+11,1,1,25,25,,91700,2,2.50E+11,1123,42,455,340,30,1,0,65,190,837,40,342,226,21,0,0,52,156,20,0,0,0,0,0,20,0,0,20,350,321,29
PLST,MA,150,1500000US250250917003,2.50E+11,1,1,25,25,,91700,3,2.50E+11,767,38,320,173,71,3,0,31,131,534,30,231,115,49,1,0,22,86,0,0,0,0,0,0,0,0,0,0,251,217,34
PLST,MA,150,1500000US250250918001,2.50E+11,1,1,25,25,,91800,1,2.50E+11,1570,98,605,417,45,2,0,123,280,1176,91,481,263,38,1,0,93,209,45,0,0,0,0,0,45,0,0,45,527,502,25
PLST,MA,150,1500000US250250918002,2.50E+11,1,1,25,25,,91800,2,2.50E+11,1096,35,448,276,40,1,0,70,226,810,31,345,182,28,0,0,55,169,0,0,0,0,0,0,0,0,0,0,406,364,42
PLST,MA,150,1500000US250250918003,2.50E+11,1,1,25,25,,91800,3,2.50E+11,1052,62,514,222,36,5,0,55,158,798,50,402,149,29,5,0,42,121,0,0,0,0,0,0,0,0,0,0,387,349,38
PLST,MA,150,1500000US250250919001,2.50E+11,1,1,25,25,,91900,1,2.50E+11,959,35,546,245,11,0,0,39,83,693,31,399,175,3,0,0,23,62,0,0,0,0,0,0,0,0,0,0,343,332,11
PLST,MA,150,1500000US250250919002,2.50E+11,1,1,25,25,,91900,2,2.50E+11,918,58,500,202,26,9,0,32,91,708,53,382,143,23,5,0,27,75,16,0,0,0,0,0,16,0,0,16,316,288,28
PLST,MA,150,1500000US250250919003,2.50E+11,1,1,25,25,,91900,3,2.50E+11,1718,32,1001,471,21,4,0,43,146,1240,24,772,308,10,2,0,29,95,0,0,0,0,0,0,0,0,0,0,573,548,25
PLST,MA,150,1500000US250250919004,2.50E+11,1,1,25,25,,91900,4,2.50E+11,683,18,402,171,4,2,0,22,64,531,15,316,133,2,1,0,16,48,6,0,0,0,0,0,6,0,0,6,227,214,13
PLST,MA,150,1500000US250250920001,2.50E+11,1,1,25,25,,92000,1,2.50E+11,1354,131,466,342,267,1,3,31,113,1048,115,353,258,207,1,3,30,81,27,27,0,27,0,0,0,0,0,0,507,465,42
PLST,MA,150,1500000US250250920002,2.50E+11,1,1,25,25,,92000,2,2.50E+11,1823,158,798,354,308,3,0,39,163,1467,142,636,282,243,3,0,26,135,41,0,0,0,0,0,41,0,0,41,625,553,72
PLST,MA,150,1500000US250250920003,2.50E+11,1,1,25,25,,92000,3,2.50E+11,981,71,420,254,34,0,0,37,165,694,60,288,161,25,0,0,32,128,7,0,0,0,0,0,7,0,0,7,318,290,28
PLST,MA,150,1500000US250250920004,2.50E+11,1,1,25,25,,92000,4,2.50E+11,1022,43,534,275,42,6,0,43,79,783,32,409,198,39,5,0,32,68,0,0,0,0,0,0,0,0,0,0,326,296,30
PLST,MA,150,1500000US250250921011,2.50E+11,1,1,25,25,,92101,1,2.50E+11,1158,506,177,165,236,1,0,20,53,948,462,141,108,181,1,0,20,35,0,0,0,0,0,0,0,0,0,0,480,475,5
PLST,MA,150,1500000US250250921012,2.50E+11,1,1,25,25,,92101,2,2.50E+11,1238,161,178,146,700,0,0,9,44,963,145,134,104,548,0,0,4,28,43,19,0,0,19,0,24,0,0,24,425,398,27
PLST,MA,150,1500000US250250921013,2.50E+11,1,1,25,25,,92101,3,2.50E+11,914,453,61,68,295,3,0,7,27,767,413,50,54,217,3,0,7,23,0,0,0,0,0,0,0,0,0,0,349,324,25
PLST,MA,150,1500000US250250921014,2.50E+11,1,1,25,25,,92101,4,2.50E+11,1021,247,191,169,343,3,0,16,52,809,226,145,119,265,3,0,13,38,31,0,0,0,0,0,31,0,0,31,429,393,36
PLST,MA,150,1500000US250250921015,2.50E+11,1,1,25,25,,92101,5,2.50E+11,2590,533,653,371,812,3,0,58,160,2066,479,501,253,659,3,0,43,128,107,106,0,0,106,0,1,0,0,1,909,859,50
PLST,MA,150,1500000US250250922001,2.50E+11,1,1,25,25,,92200,1,2.50E+11,972,186,270,156,250,7,1,21,81,778,165,223,115,199,7,1,18,50,4,0,0,0,0,0,4,0,0,4,320,306,14
PLST,MA,150,1500000US250250922002,2.50E+11,1,1,25,25,,92200,2,2.50E+11,856,200,212,96,259,2,2,14,71,697,180,186,76,189,2,2,12,50,12,0,0,0,0,0,12,0,0,12,282,271,11
PLST,MA,150,1500000US250250922003,2.50E+11,1,1,25,25,,92200,3,2.50E+11,812,176,344,126,75,6,1,29,55,660,156,289,86,54,4,1,29,41,0,0,0,0,0,0,0,0,0,0,282,264,18
PLST,MA,150,1500000US250250922004,2.50E+11,1,1,25,25,,92200,4,2.50E+11,962,189,429,167,81,4,0,14,78,752,167,345,111,68,2,0,9,50,10,0,0,0,0,0,10,0,0,10,408,378,30
PLST,MA,150,1500000US250250923001,2.50E+11,1,1,25,25,,92300,1,2.50E+11,781,31,485,156,28,2,0,23,56,588,28,381,94,18,2,0,17,48,11,0,0,0,0,0,11,0,0,11,280,259,21
PLST,MA,150,1500000US250250923002,2.50E+11,1,1,25,25,,92300,2,2.50E+11,784,33,525,146,43,3,0,7,27,612,27,421,105,34,3,0,2,20,0,0,0,0,0,0,0,0,0,0,287,255,32
PLST,MA,150,1500000US250250923003,2.50E+11,1,1,25,25,,92300,3,2.50E+11,1071,38,643,268,31,6,0,13,72,741,20,468,154,27,6,0,12,54,0,0,0,0,0,0,0,0,0,0,370,355,15
PLST,MA,150,1500000US250250923004,2.50E+11,1,1,25,25,,92300,4,2.50E+11,665,17,380,170,29,5,0,15,49,467,14,274,104,26,5,0,13,31,0,0,0,0,0,0,0,0,0,0,235,216,19
PLST,MA,150,1500000US250250924001,2.50E+11,1,1,25,25,,92400,1,2.50E+11,820,34,443,213,13,3,0,20,94,597,26,331,146,10,3,0,10,71,0,0,0,0,0,0,0,0,0,0,246,234,12
PLST,MA,150,1500000US250250924002,2.50E+11,1,1,25,25,,92400,2,2.50E+11,1223,55,706,311,28,5,0,5,113,844,36,511,196,19,2,0,3,77,0,0,0,0,0,0,0,0,0,0,428,410,18
PLST,MA,150,1500000US250250924003,2.50E+11,1,1,25,25,,92400,3,2.50E+11,1811,48,941,643,15,12,0,22,130,1274,34,713,400,14,7,0,21,85,22,0,0,0,0,0,22,0,0,22,714,663,51
PLST,MA,150,1500000US250250924004,2.50E+11,1,1,25,25,,92400,4,2.50E+11,1434,10,457,878,8,2,0,27,52,975,8,332,568,5,2,0,20,40,0,0,0,0,0,0,0,0,0,0,533,498,35
PLST,MA,150,1500000US250250924005,2.50E+11,1,1,25,25,,92400,5,2.50E+11,779,34,437,236,7,3,0,8,54,572,23,346,149,7,3,0,5,39,12,0,0,0,0,0,12,0,0,12,265,254,11
PLST,MA,150,1500000US250251001001,2.50E+11,1,1,25,25,,100100,1,2.50E+11,611,27,319,201,14,7,0,7,36,369,24,199,109,10,6,0,2,19,78,26,0,26,0,0,52,0,0,52,211,211,0
PLST,MA,150,1500000US250251001002,2.50E+11,1,1,25,25,,100100,2,2.50E+11,735,9,484,147,11,1,0,22,61,549,9,354,106,9,0,0,17,54,0,0,0,0,0,0,0,0,0,0,263,252,11
PLST,MA,150,1500000US250251001003,2.50E+11,1,1,25,25,,100100,3,2.50E+11,984,30,610,235,17,2,0,15,75,739,25,478,163,10,2,0,11,50,0,0,0,0,0,0,0,0,0,0,334,310,24
PLST,MA,150,1500000US250251001004,2.50E+11,1,1,25,25,,100100,4,2.50E+11,1008,31,605,298,9,7,0,14,44,717,25,443,195,5,5,0,8,36,92,15,0,15,0,0,77,0,0,77,299,290,9
PLST,MA,150,1500000US250251001005,2.50E+11,1,1,25,25,,100100,5,2.50E+11,689,28,447,161,2,1,0,16,34,479,24,324,94,2,0,0,13,22,6,0,0,0,0,0,6,0,0,6,242,236,6
PLST,MA,150,1500000US250251001006,2.50E+11,1,1,25,25,,100100,6,2.50E+11,868,13,352,464,4,0,0,14,21,566,8,232,300,2,0,0,8,16,0,0,0,0,0,0,0,0,0,0,282,268,14
PLST,MA,150,1500000US250251001007,2.50E+11,1,1,25,25,,100100,7,2.50E+11,827,13,392,337,7,0,0,29,49,582,13,281,231,7,0,0,16,34,0,0,0,0,0,0,0,0,0,0,342,325,17
PLST,MA,150,1500000US250251002001,2.50E+11,1,1,25,25,,100200,1,2.50E+11,1059,24,749,198,8,2,0,21,57,783,19,573,127,8,0,0,14,42,17,0,0,0,0,0,17,0,0,17,382,368,14
PLST,MA,150,1500000US250251002002,2.50E+11,1,1,25,25,,100200,2,2.50E+11,727,12,518,129,9,4,0,10,45,540,9,392,79,8,4,0,9,39,0,0,0,0,0,0,0,0,0,0,245,239,6
PLST,MA,150,1500000US250251002003,2.50E+11,1,1,25,25,,100200,3,2.50E+11,1133,10,696,294,16,3,0,31,83,810,9,519,196,12,3,0,17,54,13,0,0,0,0,0,13,0,0,13,398,357,41
PLST,MA,150,1500000US250251003001,2.50E+11,1,1,25,25,,100300,1,2.50E+11,1288,54,827,237,36,5,0,20,109,968,50,643,143,28,5,0,19,80,13,0,0,0,0,0,13,0,0,13,422,399,23
PLST,MA,150,1500000US250251003002,2.50E+11,1,1,25,25,,100300,2,2.50E+11,874,28,594,141,16,0,0,19,76,687,28,463,108,16,0,0,11,61,0,0,0,0,0,0,0,0,0,0,331,304,27
PLST,MA,150,1500000US250251003003,2.50E+11,1,1,25,25,,100300,3,2.50E+11,842,35,549,140,37,1,0,13,67,629,27,430,97,23,1,0,10,41,0,0,0,0,0,0,0,0,0,0,309,282,27
PLST,MA,150,1500000US250251003004,2.50E+11,1,1,25,25,,100300,4,2.50E+11,733,11,535,132,9,4,0,4,38,548,11,429,75,6,4,0,1,22,0,0,0,0,0,0,0,0,0,0,261,253,8
PLST,MA,150,1500000US250251004001,2.50E+11,1,1,25,25,,100400,1,2.50E+11,1267,221,644,205,76,3,0,38,80,1066,215,538,150,58,3,0,33,69,24,0,0,0,0,0,24,0,0,24,614,586,28
PLST,MA,150,1500000US250251004002,2.50E+11,1,1,25,25,,100400,2,2.50E+11,1270,349,474,167,164,4,0,26,86,1031,316,374,123,138,4,0,18,58,89,89,0,0,89,0,0,0,0,0,491,436,55
PLST,MA,150,1500000US250251004003,2.50E+11,1,1,25,25,,100400,3,2.50E+11,833,92,510,115,43,1,1,4,67,682,78,428,79,40,1,0,3,53,0,0,0,0,0,0,0,0,0,0,313,297,16
PLST,MA,150,1500000US250251004004,2.50E+11,1,1,25,25,,100400,4,2.50E+11,1698,106,1121,255,68,4,1,35,108,1323,100,895,173,49,3,0,27,76,12,0,0,0,0,0,12,0,0,12,652,603,49
PLST,MA,150,1500000US250251005001,2.50E+11,1,1,25,25,,100500,1,2.50E+11,1220,209,408,148,389,4,0,17,45,989,198,308,119,310,4,0,16,34,19,0,0,0,0,0,19,0,0,19,533,518,15
PLST,MA,150,1500000US250251005002,2.50E+11,1,1,25,25,,100500,2,2.50E+11,1007,419,294,126,85,0,2,22,59,796,359,222,90,67,0,2,15,41,9,9,0,9,0,0,0,0,0,0,412,382,30
PLST,MA,150,1500000US250251005003,2.50E+11,1,1,25,25,,100500,3,2.50E+11,1418,189,608,356,129,7,3,30,96,1100,159,487,250,94,7,3,18,82,0,0,0,0,0,0,0,0,0,0,556,504,52
PLST,MA,150,1500000US250251005004,2.50E+11,1,1,25,25,,100500,4,2.50E+11,1502,52,875,430,34,8,3,30,70,1125,50,661,308,27,8,0,24,47,0,0,0,0,0,0,0,0,0,0,533,496,37
PLST,MA,150,1500000US250251005005,2.50E+11,1,1,25,25,,100500,5,2.50E+11,1429,65,875,361,30,10,1,25,62,1042,55,663,230,21,10,1,14,48,0,0,0,0,0,0,0,0,0,0,499,472,27
PLST,MA,150,1500000US250251006011,2.50E+11,1,1,25,25,,100601,1,2.50E+11,1027,757,109,42,59,1,0,18,41,849,645,77,34,44,1,0,12,36,11,0,0,0,0,0,11,0,0,11,495,459,36
PLST,MA,150,1500000US250251006012,2.50E+11,1,1,25,25,,100601,2,2.50E+11,945,576,110,64,77,2,0,33,83,765,498,92,44,54,2,0,21,54,0,0,0,0,0,0,0,0,0,0,382,355,27
PLST,MA,150,1500000US250251006013,2.50E+11,1,1,25,25,,100601,3,2.50E+11,1320,370,286,204,343,4,0,28,85,1089,334,245,151,273,4,0,25,57,0,0,0,0,0,0,0,0,0,0,570,538,32
PLST,MA,150,1500000US250251006014,2.50E+11,1,1,25,25,,100601,4,2.50E+11,2050,392,595,282,596,1,0,38,146,1619,341,477,206,462,1,0,32,100,0,0,0,0,0,0,0,0,0,0,804,747,57
PLST,MA,150,1500000US250251006031,2.50E+11,1,1,25,25,,100603,1,2.50E+11,1483,953,154,86,228,3,0,15,44,1248,805,143,73,174,3,0,10,40,77,77,0,0,77,0,0,0,0,0,651,605,46
PLST,MA,150,1500000US250251006032,2.50E+11,1,1,25,25,,100603,2,2.50E+11,689,438,72,62,61,1,0,10,45,560,390,48,39,49,1,0,4,29,11,0,0,0,0,0,11,0,0,11,300,278,22
PLST,MA,150,1500000US250251007001,2.50E+11,1,1,25,25,,100700,1,2.50E+11,1078,902,31,30,78,0,0,13,24,919,767,28,25,68,0,0,11,20,0,0,0,0,0,0,0,0,0,0,516,476,40
PLST,MA,150,1500000US250251007002,2.50E+11,1,1,25,25,,100700,2,2.50E+11,1008,830,64,33,38,0,0,4,39,854,705,61,20,30,0,0,3,35,0,0,0,0,0,0,0,0,0,0,543,533,10
PLST,MA,150,1500000US250251007003,2.50E+11,1,1,25,25,,100700,3,2.50E+11,724,667,14,18,12,0,0,2,11,576,530,11,17,12,0,0,0,6,0,0,0,0,0,0,0,0,0,0,296,295,1
PLST,MA,150,1500000US250251007004,2.50E+11,1,1,25,25,,100700,4,2.50E+11,839,746,2,18,46,0,0,3,24,703,633,2,16,34,0,0,3,15,0,0,0,0,0,0,0,0,0,0,388,354,34
PLST,MA,150,1500000US250251007005,2.50E+11,1,1,25,25,,100700,5,2.50E+11,683,584,29,22,26,0,0,1,21,562,492,21,13,25,0,0,1,10,0,0,0,0,0,0,0,0,0,0,304,290,14
PLST,MA,150,1500000US250251008001,2.50E+11,1,1,25,25,,100800,1,2.50E+11,716,273,148,48,220,0,0,4,23,586,239,119,36,178,0,0,0,14,0,0,0,0,0,0,0,0,0,0,262,261,1
PLST,MA,150,1500000US250251008002,2.50E+11,1,1,25,25,,100800,2,2.50E+11,983,575,113,54,169,0,0,23,49,804,489,90,42,124,0,0,18,41,0,0,0,0,0,0,0,0,0,0,407,378,29
PLST,MA,150,1500000US250251008003,2.50E+11,1,1,25,25,,100800,3,2.50E+11,924,559,161,77,69,0,0,7,51,768,489,132,49,56,0,0,7,35,0,0,0,0,0,0,0,0,0,0,423,405,18
PLST,MA,150,1500000US250251008004,2.50E+11,1,1,25,25,,100800,4,2.50E+11,1033,705,159,64,52,0,0,1,52,910,647,134,50,41,0,0,1,37,0,0,0,0,0,0,0,0,0,0,624,574,50
PLST,MA,150,1500000US250251008005,2.50E+11,1,1,25,25,,100800,5,2.50E+11,907,464,192,97,94,3,1,15,41,787,397,178,84,78,3,1,9,37,0,0,0,0,0,0,0,0,0,0,470,457,13
PLST,MA,150,1500000US250251008006,2.50E+11,1,1,25,25,,100800,6,2.50E+11,1228,513,277,158,198,0,0,22,60,1011,454,222,113,165,0,0,14,43,0,0,0,0,0,0,0,0,0,0,539,513,26
PLST,MA,150,1500000US250251009001,2.50E+11,1,1,25,25,,100900,1,2.50E+11,730,247,275,63,111,1,0,9,24,585,210,227,38,84,1,0,7,18,12,12,0,0,12,0,0,0,0,0,309,296,13
PLST,MA,150,1500000US250251009002,2.50E+11,1,1,25,25,,100900,2,2.50E+11,578,157,203,69,106,0,0,5,38,469,147,151,64,79,0,0,4,24,11,0,0,0,0,0,11,0,0,11,240,221,19
PLST,MA,150,1500000US250251009003,2.50E+11,1,1,25,25,,100900,3,2.50E+11,1011,195,568,105,72,1,0,14,56,836,173,481,68,63,1,0,10,40,0,0,0,0,0,0,0,0,0,0,353,324,29
PLST,MA,150,1500000US250251009004,2.50E+11,1,1,25,25,,100900,4,2.50E+11,1829,394,1043,187,75,5,0,25,100,1537,379,855,145,61,5,0,22,70,0,0,0,0,0,0,0,0,0,0,856,828,28
PLST,MA,150,1500000US250251010011,2.50E+11,1,1,25,25,,101001,1,2.50E+11,680,11,575,53,3,1,0,4,33,561,11,484,41,1,1,0,4,19,0,0,0,0,0,0,0,0,0,0,248,223,25
PLST,MA,150,1500000US250251010012,2.50E+11,1,1,25,25,,101001,2,2.50E+11,764,13,599,117,2,1,0,1,31,634,13,495,97,0,1,0,0,28,0,0,0,0,0,0,0,0,0,0,318,309,9
PLST,MA,150,1500000US250251010013,2.50E+11,1,1,25,25,,101001,3,2.50E+11,845,11,650,126,2,2,1,12,41,655,8,516,90,0,0,0,9,32,6,6,0,6,0,0,0,0,0,0,313,292,21
PLST,MA,150,1500000US250251010014,2.50E+11,1,1,25,25,,101001,4,2.50E+11,970,34,755,103,4,0,0,8,66,777,29,622,70,4,0,0,2,50,0,0,0,0,0,0,0,0,0,0,372,352,20
PLST,MA,150,1500000US250251010015,2.50E+11,1,1,25,25,,101001,5,2.50E+11,985,10,722,219,0,0,1,9,24,764,8,574,160,0,0,1,5,16,0,0,0,0,0,0,0,0,0,0,490,452,38
PLST,MA,150,1500000US250251010016,2.50E+11,1,1,25,25,,101001,6,2.50E+11,1351,28,1039,166,5,4,1,17,91,1078,22,866,113,4,4,1,8,60,0,0,0,0,0,0,0,0,0,0,545,533,12
PLST,MA,150,1500000US250251010021,2.50E+11,1,1,25,25,,101002,1,2.50E+11,1034,55,450,434,13,1,0,14,67,699,46,316,268,13,0,0,5,51,0,0,0,0,0,0,0,0,0,0,378,372,6
PLST,MA,150,1500000US250251010022,2.50E+11,1,1,25,25,,101002,2,2.50E+11,2580,106,1777,467,31,9,2,43,145,2024,103,1435,305,28,9,2,37,105,51,0,0,0,0,0,51,0,0,51,1070,1029,41
PLST,MA,150,1500000US250251010023,2.50E+11,1,1,25,25,,101002,3,2.50E+11,2098,34,1625,304,9,9,2,5,110,1690,25,1326,223,9,5,2,5,95,73,73,0,0,73,0,0,0,0,0,848,812,36
PLST,MA,150,1500000US250251011011,2.50E+11,1,1,25,25,,101101,1,2.50E+11,1033,25,755,177,2,4,0,14,56,783,19,602,99,1,4,0,11,47,0,0,0,0,0,0,0,0,0,0,358,323,35
PLST,MA,150,1500000US250251011012,2.50E+11,1,1,25,25,,101101,2,2.50E+11,1456,37,1070,254,3,2,0,17,73,1122,30,850,169,2,0,0,15,56,8,8,0,8,0,0,0,0,0,0,553,534,19
PLST,MA,150,1500000US250251011013,2.50E+11,1,1,25,25,,101101,3,2.50E+11,1033,46,611,321,23,1,0,4,27,768,45,467,216,22,0,0,4,14,11,0,0,0,0,0,11,0,0,11,406,376,30
PLST,MA,150,1500000US250251011021,2.50E+11,1,1,25,25,,101102,1,2.50E+11,841,7,649,155,0,1,0,1,28,595,7,487,83,0,1,0,0,17,0,0,0,0,0,0,0,0,0,0,309,290,19
PLST,MA,150,1500000US250251011022,2.50E+11,1,1,25,25,,101102,2,2.50E+11,1579,21,1148,315,4,5,1,7,78,1106,7,838,193,1,5,1,6,55,83,61,0,61,0,0,22,0,0,22,532,465,67
PLST,MA,150,1500000US250251011023,2.50E+11,1,1,25,25,,101102,3,2.50E+11,777,8,603,116,4,5,0,0,41,583,8,480,55,4,5,0,0,31,0,0,0,0,0,0,0,0,0,0,301,276,25
PLST,MA,150,1500000US250251011024,2.50E+11,1,1,25,25,,101102,4,2.50E+11,1569,23,1141,288,9,2,3,14,89,1154,15,860,193,7,2,3,12,62,7,0,0,0,0,0,7,0,0,7,546,513,33
PLST,MA,150,1500000US250251101041,2.50E+11,1,1,25,25,,110104,1,2.50E+11,820,313,165,293,18,0,0,9,22,689,281,139,231,15,0,0,7,16,0,0,0,0,0,0,0,0,0,0,316,309,7
PLST,MA,150,1500000US250251101042,2.50E+11,1,1,25,25,,110104,2,2.50E+11,1357,120,367,752,37,1,0,16,64,947,100,257,501,30,0,0,10,49,0,0,0,0,0,0,0,0,0,0,463,441,22
PLST,MA,150,1500000US250251101051,2.50E+11,1,1,25,25,,110105,1,2.50E+11,2120,1233,158,281,302,1,2,23,120,1873,1126,146,226,270,1,2,15,87,3,0,0,0,0,0,3,0,0,3,1160,981,179
PLST,MA,150,1500000US250251101061,2.50E+11,1,1,25,25,,110106,1,2.50E+11,662,255,102,236,37,0,1,3,28,567,227,85,204,35,0,1,2,13,8,0,0,0,0,0,8,0,0,8,334,310,24
PLST,MA,150,1500000US250251101062,2.50E+11,1,1,25,25,,110106,2,2.50E+11,694,455,58,112,31,0,1,9,28,569,386,49,81,31,0,1,9,12,2,0,0,0,0,0,2,0,0,2,280,272,8
PLST,MA,150,1500000US250251102011,2.50E+11,1,1,25,25,,110201,1,2.50E+11,2091,339,735,831,65,0,0,34,87,1625,307,589,592,54,0,0,30,53,23,0,0,0,0,0,23,0,0,23,851,809,42
PLST,MA,150,1500000US250251103011,2.50E+11,1,1,25,25,,110301,1,2.50E+11,1137,253,411,364,47,0,0,17,45,923,226,322,298,43,0,0,17,17,9,9,0,9,0,0,0,0,0,0,427,407,20
PLST,MA,150,1500000US250251103012,2.50E+11,1,1,25,25,,110301,2,2.50E+11,1363,769,196,300,27,1,1,7,62,1128,658,160,233,23,0,1,6,47,0,0,0,0,0,0,0,0,0,0,599,553,46
PLST,MA,150,1500000US250251104011,2.50E+11,1,1,25,25,,110401,1,2.50E+11,1967,446,590,801,66,1,0,6,57,1573,395,446,640,57,1,0,5,29,3,0,0,0,0,0,3,0,0,3,791,774,17
PLST,MA,150,1500000US250251104012,2.50E+11,1,1,25,25,,110401,2,2.50E+11,1658,836,312,343,59,2,1,10,95,1374,722,265,255,56,2,0,9,65,4,0,0,0,0,0,4,0,0,4,636,594,42
PLST,MA,150,1500000US250251104031,2.50E+11,1,1,25,25,,110403,1,2.50E+11,945,269,311,282,36,1,0,16,30,792,235,257,227,36,1,0,13,23,0,0,0,0,0,0,0,0,0,0,441,433,8
PLST,MA,150,1500000US250251104032,2.50E+11,1,1,25,25,,110403,2,2.50E+11,811,454,120,169,11,1,0,5,51,627,379,93,111,11,1,0,0,32,6,0,0,0,0,0,6,0,0,6,317,308,9
PLST,MA,150,1500000US250251104033,2.50E+11,1,1,25,25,,110403,3,2.50E+11,731,272,239,160,15,1,0,6,38,582,235,196,119,11,1,0,6,14,1,0,0,0,0,0,1,0,0,1,258,244,14
PLST,MA,150,1500000US250251104034,2.50E+11,1,1,25,25,,110403,4,2.50E+11,1014,622,90,223,27,0,0,9,43,808,513,69,169,27,0,0,6,24,0,0,0,0,0,0,0,0,0,0,376,356,20
PLST,MA,150,1500000US250251104035,2.50E+11,1,1,25,25,,110403,5,2.50E+11,936,505,154,192,35,0,0,11,39,786,437,129,161,28,0,0,10,21,0,0,0,0,0,0,0,0,0,0,404,385,19
PLST,MA,150,1500000US250251105011,2.50E+11,1,1,25,25,,110501,1,2.50E+11,844,555,85,129,31,0,0,10,34,692,475,69,89,27,0,0,10,22,5,0,0,0,0,0,5,0,0,5,373,356,17
PLST,MA,150,1500000US250251105012,2.50E+11,1,1,25,25,,110501,2,2.50E+11,1542,1024,127,249,50,1,0,9,82,1223,843,87,193,41,1,0,6,52,0,0,0,0,0,0,0,0,0,0,644,595,49
PLST,MA,150,1500000US250251105013,2.50E+11,1,1,25,25,,110501,3,2.50E+11,916,658,57,130,30,3,0,4,34,723,536,49,95,21,3,0,4,15,0,0,0,0,0,0,0,0,0,0,379,368,11
PLST,MA,150,1500000US250251105021,2.50E+11,1,1,25,25,,110502,1,2.50E+11,1382,829,122,290,55,2,0,14,70,1109,691,103,214,46,2,0,10,43,4,0,0,0,0,0,4,0,0,4,603,564,39
PLST,MA,150,1500000US250251105022,2.50E+11,1,1,25,25,,110502,2,2.50E+11,1861,970,332,423,56,2,0,9,69,1542,834,267,339,52,2,0,9,39,3,0,0,0,0,0,3,0,0,3,864,819,45
PLST,MA,150,1500000US250251105023,2.50E+11,1,1,25,25,,110502,3,2.50E+11,757,379,102,205,20,4,0,10,37,621,332,75,152,15,4,0,10,33,0,0,0,0,0,0,0,0,0,0,298,289,9
PLST,MA,150,1500000US250251106011,2.50E+11,1,1,25,25,,110601,1,2.50E+11,1682,1383,37,74,137,0,0,4,47,1443,1215,32,53,108,0,0,4,31,138,125,0,0,125,0,13,0,0,13,762,703,59
PLST,MA,150,1500000US250251106012,2.50E+11,1,1,25,25,,110601,2,2.50E+11,957,781,15,73,48,0,0,5,35,794,672,15,48,38,0,0,5,16,0,0,0,0,0,0,0,0,0,0,429,413,16
PLST,MA,150,1500000US250251106071,2.50E+11,1,1,25,25,,110607,1,2.50E+11,1017,794,60,61,51,0,0,14,37,856,676,54,52,44,0,0,6,24,4,0,0,0,0,0,4,0,0,4,524,500,24
PLST,MA,150,1500000US250251106072,2.50E+11,1,1,25,25,,110607,2,2.50E+11,1600,1198,75,176,72,0,0,20,59,1337,1025,61,126,65,0,0,14,46,0,0,0,0,0,0,0,0,0,0,728,711,17
PLST,MA,150,1500000US250251106073,2.50E+11,1,1,25,25,,110607,3,2.50E+11,1586,1196,78,163,65,2,0,6,76,1318,1020,59,127,54,2,0,3,53,4,0,0,0,0,0,4,0,0,4,731,682,49
PLST,MA,150,1500000US250251106074,2.50E+11,1,1,25,25,,110607,4,2.50E+11,1073,886,56,56,39,0,0,2,34,929,786,51,44,29,0,0,0,19,438,438,0,0,438,0,0,0,0,0,281,263,18
PLST,MA,150,1500000US250251201031,2.50E+11,1,1,25,25,,120103,1,2.50E+11,1642,1296,58,88,88,0,0,8,104,1366,1090,52,73,86,0,0,8,57,14,0,0,0,0,0,14,0,0,14,727,694,33
PLST,MA,150,1500000US250251201041,2.50E+11,1,1,25,25,,120104,1,2.50E+11,908,676,37,69,58,1,0,6,61,802,617,27,57,53,1,0,6,41,0,0,0,0,0,0,0,0,0,0,466,426,40
PLST,MA,150,1500000US250251201042,2.50E+11,1,1,25,25,,120104,2,2.50E+11,1465,894,116,255,98,0,0,10,92,1238,792,89,197,90,0,0,10,60,13,0,0,0,0,0,13,0,0,13,672,662,10
PLST,MA,150,1500000US250251201051,2.50E+11,1,1,25,25,,120105,1,2.50E+11,766,586,29,58,42,4,0,5,42,620,494,21,42,39,3,0,2,19,103,20,0,20,0,0,83,19,0,64,246,235,11
PLST,MA,150,1500000US250251201052,2.50E+11,1,1,25,25,,120105,2,2.50E+11,1013,739,77,66,53,0,0,4,74,831,646,70,43,44,0,0,0,28,91,82,0,0,82,0,9,0,0,9,403,398,5
PLST,MA,150,1500000US250251201053,2.50E+11,1,1,25,25,,120105,3,2.50E+11,713,571,14,49,53,1,3,3,19,632,516,14,39,43,1,3,2,14,142,0,0,0,0,0,142,141,0,1,299,269,30
PLST,MA,150,1500000US250251202011,2.50E+11,1,1,25,25,,120201,1,2.50E+11,1287,871,85,140,110,0,0,18,63,1188,811,72,129,107,0,0,17,52,8,0,0,0,0,0,8,0,0,8,652,634,18
PLST,MA,150,1500000US250251202012,2.50E+11,1,1,25,25,,120201,2,2.50E+11,1872,861,300,509,75,8,2,17,100,1514,732,242,390,67,6,2,10,65,7,0,0,0,0,0,7,0,0,7,905,867,38
PLST,MA,150,1500000US250251202013,2.50E+11,1,1,25,25,,120201,3,2.50E+11,1201,621,99,179,231,0,0,6,65,1084,572,86,142,226,0,0,6,52,0,0,0,0,0,0,0,0,0,0,684,625,59
PLST,MA,150,1500000US250251203011,2.50E+11,1,1,25,25,,120301,1,2.50E+11,1212,470,159,426,77,0,0,16,64,1025,418,143,340,67,0,0,13,44,18,0,0,0,0,0,18,0,0,18,461,424,37
PLST,MA,150,1500000US250251203012,2.50E+11,1,1,25,25,,120301,2,2.50E+11,1016,349,174,372,73,0,0,6,42,848,321,141,289,63,0,0,6,28,10,5,0,0,5,0,5,0,0,5,454,423,31
PLST,MA,150,1500000US250251203013,2.50E+11,1,1,25,25,,120301,3,2.50E+11,1527,784,168,397,75,3,0,9,91,1284,696,150,299,74,3,0,9,53,113,76,0,0,76,0,37,0,0,37,573,559,14
PLST,MA,150,1500000US250251203014,2.50E+11,1,1,25,25,,120301,4,2.50E+11,1365,671,136,395,71,0,0,19,73,1180,612,115,316,69,0,0,19,49,13,0,0,0,0,0,13,0,0,13,605,569,36
PLST,MA,150,1500000US250251204001,2.50E+11,1,1,25,25,,120400,1,2.50E+11,906,681,38,65,59,0,0,5,58,765,584,38,58,57,0,0,5,23,0,0,0,0,0,0,0,0,0,0,432,424,8
PLST,MA,150,1500000US250251204002,2.50E+11,1,1,25,25,,120400,2,2.50E+11,719,543,32,55,51,0,0,3,35,634,489,32,50,40,0,0,2,21,6,0,0,0,0,0,6,0,0,6,366,341,25
PLST,MA,150,1500000US250251204003,2.50E+11,1,1,25,25,,120400,3,2.50E+11,907,701,20,56,59,0,0,9,62,791,627,20,44,57,0,0,7,36,8,0,0,0,0,0,8,0,0,8,469,454,15
PLST,MA,150,1500000US250251204004,2.50E+11,1,1,25,25,,120400,4,2.50E+11,1923,1357,116,256,89,6,0,21,78,1695,1217,108,210,80,6,0,17,57,150,120,0,0,0,120,30,0,0,30,853,824,29
PLST,MA,150,1500000US250251204005,2.50E+11,1,1,25,25,,120400,5,2.50E+11,1551,1067,142,166,113,4,0,10,49,1399,967,132,140,108,4,0,9,39,5,0,0,0,0,0,5,0,0,5,825,783,42
PLST,MA,150,1500000US250251205001,2.50E+11,1,1,25,25,,120500,1,2.50E+11,923,307,112,390,73,1,1,0,39,760,281,93,296,63,0,1,0,26,0,0,0,0,0,0,0,0,0,0,375,346,29
PLST,MA,150,1500000US250251205002,2.50E+11,1,1,25,25,,120500,2,2.50E+11,758,351,88,233,47,0,0,8,31,643,314,54,203,41,0,0,7,24,0,0,0,0,0,0,0,0,0,0,291,291,0
PLST,MA,150,1500000US250251205003,2.50E+11,1,1,25,25,,120500,3,2.50E+11,742,265,65,293,89,0,1,8,21,663,251,55,250,84,0,1,8,14,0,0,0,0,0,0,0,0,0,0,311,292,19
PLST,MA,150,1500000US250251206001,2.50E+11,1,1,25,25,,120600,1,2.50E+11,910,625,46,132,43,0,0,8,56,802,553,44,118,36,0,0,8,43,0,0,0,0,0,0,0,0,0,0,427,402,25
PLST,MA,150,1500000US250251206002,2.50E+11,1,1,25,25,,120600,2,2.50E+11,850,624,39,84,50,2,0,0,51,720,544,34,75,46,2,0,0,19,0,0,0,0,0,0,0,0,0,0,373,368,5
PLST,MA,150,1500000US250251206003,2.50E+11,1,1,25,25,,120600,3,2.50E+11,806,603,33,68,60,2,0,6,34,696,536,30,48,56,2,0,6,18,8,0,0,0,0,0,8,0,0,8,372,345,27
PLST,MA,150,1500000US250251207001,2.50E+11,1,1,25,25,,120700,1,2.50E+11,1000,531,102,173,133,1,1,6,53,887,474,97,148,126,0,0,0,42,57,20,0,20,0,0,37,0,0,37,446,438,8
PLST,MA,150,1500000US250251207002,2.50E+11,1,1,25,25,,120700,2,2.50E+11,1139,740,69,110,168,0,2,5,45,1040,699,63,92,144,0,0,5,37,0,0,0,0,0,0,0,0,0,0,621,578,43
PLST,MA,150,1500000US250251301011,2.50E+11,1,1,25,25,,130101,1,2.50E+11,1528,976,114,140,218,0,0,28,52,1373,886,99,126,189,0,0,24,49,0,0,0,0,0,0,0,0,0,0,956,892,64
PLST,MA,150,1500000US250251301012,2.50E+11,1,1,25,25,,130101,2,2.50E+11,715,472,31,87,67,0,0,10,48,592,416,24,60,57,0,0,5,30,7,0,0,0,0,0,7,0,0,7,328,300,28
PLST,MA,150,1500000US250251301013,2.50E+11,1,1,25,25,,130101,3,2.50E+11,854,709,4,51,50,0,0,5,35,691,591,4,28,38,0,0,5,25,0,0,0,0,0,0,0,0,0,0,344,336,8
PLST,MA,150,1500000US250251301014,2.50E+11,1,1,25,25,,130101,4,2.50E+11,725,573,21,48,43,0,0,7,33,574,463,15,35,38,0,0,4,19,0,0,0,0,0,0,0,0,0,0,302,295,7
PLST,MA,150,1500000US250251301015,2.50E+11,1,1,25,25,,130101,5,2.50E+11,1148,973,26,43,88,0,0,5,13,963,822,24,34,73,0,0,3,7,0,0,0,0,0,0,0,0,0,0,523,505,18
PLST,MA,150,1500000US250251301016,2.50E+11,1,1,25,25,,130101,6,2.50E+11,1078,837,10,71,114,1,0,4,41,832,663,10,51,86,1,0,1,20,4,0,0,0,0,0,4,0,0,4,444,431,13
PLST,MA,150,1500000US250251302001,2.50E+11,1,1,25,25,,130200,1,2.50E+11,648,494,16,36,59,0,0,15,28,510,406,13,28,41,0,0,8,14,0,0,0,0,0,0,0,0,0,0,247,232,15
PLST,MA,150,1500000US250251302002,2.50E+11,1,1,25,25,,130200,2,2.50E+11,878,669,51,76,54,1,0,4,23,732,571,44,54,48,1,0,4,10,70,65,0,0,65,0,5,0,0,5,369,352,17
PLST,MA,150,1500000US250251302003,2.50E+11,1,1,25,25,,130200,3,2.50E+11,1539,1239,46,93,104,0,0,4,53,1235,1017,38,66,79,0,0,2,33,0,0,0,0,0,0,0,0,0,0,682,654,28
PLST,MA,150,1500000US250251302004,2.50E+11,1,1,25,25,,130200,4,2.50E+11,716,583,16,56,37,0,0,1,23,597,499,4,40,32,0,0,1,21,0,0,0,0,0,0,0,0,0,0,287,263,24
PLST,MA,150,1500000US250251302005,2.50E+11,1,1,25,25,,130200,5,2.50E+11,927,778,27,47,40,0,0,10,25,747,642,26,29,34,0,0,7,9,7,0,0,0,0,0,7,0,0,7,410,402,8
PLST,MA,150,1500000US250251303001,2.50E+11,1,1,25,25,,130300,1,2.50E+11,901,776,14,45,29,1,0,4,32,712,613,14,39,29,1,0,4,12,0,0,0,0,0,0,0,0,0,0,339,339,0
PLST,MA,150,1500000US250251303002,2.50E+11,1,1,25,25,,130300,2,2.50E+11,1103,876,30,60,97,0,0,8,32,886,714,24,38,90,0,0,5,15,0,0,0,0,0,0,0,0,0,0,471,444,27
PLST,MA,150,1500000US250251303003,2.50E+11,1,1,25,25,,130300,3,2.50E+11,815,681,19,44,27,0,0,4,40,588,514,10,25,15,0,0,3,21,0,0,0,0,0,0,0,0,0,0,294,279,15
PLST,MA,150,1500000US250251303004,2.50E+11,1,1,25,25,,130300,4,2.50E+11,1025,645,88,124,134,1,0,4,29,831,537,68,92,111,0,0,4,19,0,0,0,0,0,0,0,0,0,0,425,406,19
PLST,MA,150,1500000US250251303005,2.50E+11,1,1,25,25,,130300,5,2.50E+11,652,565,14,49,17,1,0,1,5,552,489,11,39,11,1,0,0,1,30,0,0,0,0,0,30,0,0,30,290,278,12
PLST,MA,150,1500000US250251304021,2.50E+11,1,1,25,25,,130402,1,2.50E+11,1050,763,60,83,104,4,0,10,26,900,669,50,65,88,4,0,3,21,0,0,0,0,0,0,0,0,0,0,464,449,15
PLST,MA,150,1500000US250251304022,2.50E+11,1,1,25,25,,130402,2,2.50E+11,906,637,46,107,78,0,0,4,34,729,530,40,88,54,0,0,3,14,0,0,0,0,0,0,0,0,0,0,377,360,17
PLST,MA,150,1500000US250251304023,2.50E+11,1,1,25,25,,130402,3,2.50E+11,977,725,48,57,104,0,0,1,42,782,603,33,36,85,0,0,1,24,0,0,0,0,0,0,0,0,0,0,362,356,6
PLST,MA,150,1500000US250251304024,2.50E+11,1,1,25,25,,130402,4,2.50E+11,1900,1269,144,266,140,2,1,9,69,1612,1103,124,217,119,0,0,3,46,0,0,0,0,0,0,0,0,0,0,1040,957,83
PLST,MA,150,1500000US250251304041,2.50E+11,1,1,25,25,,130404,1,2.50E+11,2039,1126,331,317,212,2,1,6,44,1700,996,257,238,170,2,1,5,31,179,159,0,0,159,0,20,0,0,20,894,827,67
PLST,MA,150,1500000US250251304042,2.50E+11,1,1,25,25,,130404,2,2.50E+11,1034,703,50,128,92,0,0,16,45,841,592,37,95,74,0,0,15,28,0,0,0,0,0,0,0,0,0,0,460,439,21
PLST,MA,150,1500000US250251304061,2.50E+11,1,1,25,25,,130406,1,2.50E+11,2092,168,1146,650,32,0,0,27,69,1319,134,723,381,28,0,0,14,39,0,0,0,0,0,0,0,0,0,0,936,894,42
PLST,MA,150,1500000US250251304062,2.50E+11,1,1,25,25,,130406,2,2.50E+11,2978,1178,803,603,249,11,0,24,110,2344,1025,576,435,201,11,0,24,72,67,63,0,0,63,0,4,0,0,4,1288,1267,21
PLST,MA,150,1500000US250251304063,2.50E+11,1,1,25,25,,130406,3,2.50E+11,569,267,81,126,64,2,0,0,29,474,233,67,94,55,2,0,0,23,3,0,0,0,0,0,3,0,0,3,267,250,17
PLST,MA,150,1500000US250251401021,2.50E+11,1,1,25,25,,140102,1,2.50E+11,1201,176,635,307,20,2,0,17,44,954,166,507,222,20,2,0,11,26,0,0,0,0,0,0,0,0,0,0,420,413,7
PLST,MA,150,1500000US250251401022,2.50E+11,1,1,25,25,,140102,2,2.50E+11,1188,479,330,270,47,1,2,15,44,956,427,253,197,39,0,2,15,23,0,0,0,0,0,0,0,0,0,0,524,473,51
PLST,MA,150,1500000US250251401023,2.50E+11,1,1,25,25,,140102,3,2.50E+11,1050,489,329,160,20,0,0,7,45,839,420,244,114,20,0,0,7,34,0,0,0,0,0,0,0,0,0,0,380,366,14
PLST,MA,150,1500000US250251401024,2.50E+11,1,1,25,25,,140102,4,2.50E+11,1519,418,690,261,52,2,0,15,81,1180,362,531,178,43,1,0,15,50,0,0,0,0,0,0,0,0,0,0,508,504,4
PLST,MA,150,1500000US250251401051,2.50E+11,1,1,25,25,,140105,1,2.50E+11,2353,1035,503,633,65,1,0,21,95,1934,895,400,502,52,1,0,18,66,3,0,0,0,0,0,3,0,0,3,901,874,27
PLST,MA,150,1500000US250251401052,2.50E+11,1,1,25,25,,140105,2,2.50E+11,1239,96,580,516,12,3,0,3,29,1000,89,473,394,11,3,0,3,27,13,0,0,0,0,0,13,0,0,13,443,413,30
PLST,MA,150,1500000US250251401061,2.50E+11,1,1,25,25,,140106,1,2.50E+11,1465,268,731,344,63,0,0,10,49,1152,239,552,254,62,0,0,8,37,0,0,0,0,0,0,0,0,0,0,686,645,41
PLST,MA,150,1500000US250251401062,2.50E+11,1,1,25,25,,140106,2,2.50E+11,713,59,269,319,9,3,1,8,45,477,42,195,209,4,3,0,1,23,0,0,0,0,0,0,0,0,0,0,287,277,10
PLST,MA,150,1500000US250251401071,2.50E+11,1,1,25,25,,140107,1,2.50E+11,1976,549,720,525,41,10,1,15,115,1596,482,585,400,33,9,1,3,83,12,0,0,0,0,0,12,0,0,12,783,764,19
PLST,MA,150,1500000US250251401072,2.50E+11,1,1,25,25,,140107,2,2.50E+11,802,198,312,221,16,0,0,3,52,624,178,248,160,9,0,0,0,29,0,0,0,0,0,0,0,0,0,0,319,289,30
PLST,MA,150,1500000US250251402011,2.50E+11,1,1,25,25,,140201,1,2.50E+11,1207,316,426,287,33,0,0,75,70,969,284,333,221,27,0,0,63,41,0,0,0,0,0,0,0,0,0,0,554,530,24
PLST,MA,150,1500000US250251402012,2.50E+11,1,1,25,25,,140201,2,2.50E+11,1104,451,337,206,36,1,0,14,59,857,373,245,154,28,0,0,8,49,8,0,0,0,0,0,8,0,0,8,396,380,16
PLST,MA,150,1500000US250251402021,2.50E+11,1,1,25,25,,140202,1,2.50E+11,971,238,397,256,29,2,0,7,42,763,209,318,171,29,2,0,1,33,0,0,0,0,0,0,0,0,0,0,355,338,17
PLST,MA,150,1500000US250251402022,2.50E+11,1,1,25,25,,140202,2,2.50E+11,1428,238,565,541,17,3,0,20,44,1057,210,417,372,14,3,0,18,23,0,0,0,0,0,0,0,0,0,0,542,517,25
PLST,MA,150,1500000US250251402023,2.50E+11,1,1,25,25,,140202,3,2.50E+11,1120,500,247,222,82,2,7,15,45,878,427,188,149,65,2,7,8,32,107,31,0,0,31,0,76,64,0,12,375,363,12
PLST,MA,150,1500000US250251402024,2.50E+11,1,1,25,25,,140202,4,2.50E+11,1535,587,549,299,36,0,0,12,52,1269,500,460,238,27,0,0,10,34,3,0,0,0,0,0,3,0,0,3,656,633,23
PLST,MA,150,1500000US250251402025,2.50E+11,1,1,25,25,,140202,5,2.50E+11,770,447,163,107,15,2,0,6,30,636,382,134,79,7,2,0,3,29,1,0,0,0,0,0,1,0,0,1,276,264,12
PLST,MA,150,1500000US250251403001,2.50E+11,1,1,25,25,,140300,1,2.50E+11,1036,148,528,294,16,6,2,12,30,817,130,414,216,13,6,2,11,25,0,0,0,0,0,0,0,0,0,0,379,368,11
PLST,MA,150,1500000US250251403002,2.50E+11,1,1,25,25,,140300,2,2.50E+11,923,183,374,302,9,1,0,7,47,764,152,338,225,9,1,0,5,34,0,0,0,0,0,0,0,0,0,0,315,289,26
PLST,MA,150,1500000US250251403003,2.50E+11,1,1,25,25,,140300,3,2.50E+11,1478,243,704,457,21,5,0,11,37,1234,232,577,371,20,4,0,7,23,6,0,0,0,0,0,6,0,0,6,750,714,36
PLST,MA,150,1500000US250251403004,2.50E+11,1,1,25,25,,140300,4,2.50E+11,753,108,405,180,10,0,0,6,44,653,95,358,146,9,0,0,6,39,0,0,0,0,0,0,0,0,0,0,247,237,10
PLST,MA,150,1500000US250251403005,2.50E+11,1,1,25,25,,140300,5,2.50E+11,1233,148,741,268,17,0,0,10,49,962,135,580,190,15,0,0,6,36,36,36,0,0,36,0,0,0,0,0,448,434,14
PLST,MA,150,1500000US250251403006,2.50E+11,1,1,25,25,,140300,6,2.50E+11,1420,90,929,345,5,1,0,12,38,1085,67,722,255,5,1,0,7,28,10,0,0,0,0,0,10,0,0,10,505,475,30
PLST,MA,150,1500000US250251404001,2.50E+11,1,1,25,25,,140400,1,2.50E+11,684,32,494,97,7,1,0,0,53,531,32,395,58,7,1,0,0,38,1,0,0,0,0,0,1,0,0,1,327,318,9
PLST,MA,150,1500000US250251404002,2.50E+11,1,1,25,25,,140400,2,2.50E+11,1028,22,807,150,1,0,0,9,39,815,17,660,98,1,0,0,9,30,0,0,0,0,0,0,0,0,0,0,359,326,33
PLST,MA,150,1500000US250251404003,2.50E+11,1,1,25,25,,140400,3,2.50E+11,1008,52,762,133,5,3,0,12,41,821,46,632,95,4,3,0,11,30,0,0,0,0,0,0,0,0,0,0,374,366,8
PLST,MA,150,1500000US250251404004,2.50E+11,1,1,25,25,,140400,4,2.50E+11,811,19,601,134,6,3,0,4,44,634,19,480,83,6,3,0,4,39,0,0,0,0,0,0,0,0,0,0,268,241,27
PLST,MA,150,1500000US250251404005,2.50E+11,1,1,25,25,,140400,5,2.50E+11,1520,54,1098,258,17,5,0,10,78,1262,47,931,206,9,4,0,9,56,0,0,0,0,0,0,0,0,0,0,529,503,26
PLST,MA,150,1500000US250251404006,2.50E+11,1,1,25,25,,140400,6,2.50E+11,1645,131,945,470,29,2,1,9,58,1376,117,806,364,27,1,1,8,52,0,0,0,0,0,0,0,0,0,0,678,672,6
PLST,MA,150,1500000US250251404007,2.50E+11,1,1,25,25,,140400,7,2.50E+11,1163,183,457,418,59,0,0,16,30,899,157,356,310,48,0,0,11,17,0,0,0,0,0,0,0,0,0,0,436,405,31
PLST,MA,150,1500000US250259801011,2.50E+11,1,1,25,25,,980101,1,2.50E+11,0,0,0,0,0,0,0,0,0,0,0,0,0,0,0,0,0,0,0,0,0,0,0,0,0,0,0,0,0,0,0
PLST,MA,150,1500000US250259803001,2.50E+11,1,1,25,25,,980300,1,2.50E+11,113,42,55,10,2,2,0,0,2,109,42,55,7,1,2,0,0,2,87,41,0,0,0,41,46,0,0,46,8,8,0
PLST,MA,150,1500000US250259807001,2.50E+11,1,1,25,25,,980700,1,2.50E+11,7,2,0,2,0,0,0,0,3,4,1,0,1,0,0,0,0,2,1,0,0,0,0,0,1,0,0,1,2,2,0
PLST,MA,150,1500000US250259809001,2.50E+11,1,1,25,25,,980900,1,2.50E+11,125,72,24,13,11,0,0,0,5,104,61,17,12,9,0,0,0,5,0,0,0,0,0,0,0,0,0,0,80,67,13
PLST,MA,150,1500000US250259810001,2.50E+11,1,1,25,25,,981000,1,2.50E+11,11,2,1,6,0,1,0,0,1,2,1,0,1,0,0,0,0,0,0,0,0,0,0,0,0,0,0,0,4,4,0
PLST,MA,150,1500000US250259811001,2.50E+11,1,1,25,25,,981100,1,2.50E+11,0,0,0,0,0,0,0,0,0,0,0,0,0,0,0,0,0,0,0,0,0,0,0,0,0,0,0,0,0,0,0
PLST,MA,150,1500000US250259811002,2.50E+11,1,1,25,25,,981100,2,2.50E+11,6,0,0,4,0,0,1,0,1,2,0,0,1,0,0,1,0,0,0,0,0,0,0,0,0,0,0,0,1,1,0
PLST,MA,150,1500000US250259811003,2.50E+11,1,1,25,25,,981100,3,2.50E+11,91,27,19,40,0,0,1,1,3,91,27,19,40,0,0,1,1,3,86,86,86,0,0,0,0,0,0,0,1,1,0
PLST,MA,150,1500000US250259811004,2.50E+11,1,1,25,25,,981100,4,2.50E+11,0,0,0,0,0,0,0,0,0,0,0,0,0,0,0,0,0,0,0,0,0,0,0,0,0,0,0,0,0,0,0
PLST,MA,150,1500000US250259812011,2.50E+11,1,1,25,25,,981201,1,2.50E+11,0,0,0,0,0,0,0,0,0,0,0,0,0,0,0,0,0,0,0,0,0,0,0,0,0,0,0,0,0,0,0
PLST,MA,150,1500000US250259812021,2.50E+11,1,1,25,25,,981202,1,2.50E+11,0,0,0,0,0,0,0,0,0,0,0,0,0,0,0,0,0,0,0,0,0,0,0,0,0,0,0,0,0,0,0
PLST,MA,150,1500000US250259812022,2.50E+11,1,1,25,25,,981202,2,2.50E+11,6,1,0,2,0,0,0,1,2,3,1,0,0,0,0,0,1,1,1,0,0,0,0,0,1,0,0,1,1,1,0
PLST,MA,150,1500000US250259813001,2.50E+11,1,1,25,25,,981300,1,2.50E+11,79,54,4,9,4,0,0,0,8,66,53,1,2,4,0,0,0,6,5,0,0,0,0,0,5,0,0,5,35,30,5
PLST,MA,150,1500000US250259815011,2.50E+11,1,1,25,25,,981501,1,2.50E+11,13,5,0,6,1,0,0,0,1,11,5,0,5,1,0,0,0,0,9,0,0,0,0,0,9,0,0,9,1,1,0
PLST,MA,150,1500000US250259816001,2.50E+11,1,1,25,25,,981600,1,2.50E+11,2,0,0,1,0,0,0,0,1,1,0,0,0,0,0,0,0,1,0,0,0,0,0,0,0,0,0,0,1,1,0
PLST,MA,150,1500000US250259817001,2.50E+11,1,1,25,25,,981700,1,2.50E+11,4,1,0,1,0,0,0,0,2,4,1,0,1,0,0,0,0,2,0,0,0,0,0,0,0,0,0,0,2,2,0
PLST,MA,150,1500000US250259818001,2.50E+11,1,1,25,25,,981800,1,2.50E+11,23,15,2,2,0,0,0,0,4,19,15,2,0,0,0,0,0,2,8,0,0,0,0,0,8,0,0,8,10,4,6
PLST,MA,150,1500000US250259819001,2.50E+11,1,1,25,25,,981900,1,2.50E+11,0,0,0,0,0,0,0,0,0,0,0,0,0,0,0,0,0,0,0,0,0,0,0,0,0,0,0,0,0,0,0
PLST,MA,150,1500000US250259901010,2.50E+11,1,1,25,25,,990101,0,2.50E+11,0,0,0,0,0,0,0,0,0,0,0,0,0,0,0,0,0,0,0,0,0,0,0,0,0,0,0,0,0,0,0
